sr_no,timestamp,road_type,harsh_event,acc_x,acc_y,acc_z,gyro_x,gyro_y,gyro_z,mag_x,mag_y,mag_z,event_class
1,22-3-2023 20:12:47:345759,paved,sudden-right-turn,-1.135011,-0.127041,1.267324,-0.052177,-0.039431,0.003054,-42.303543,42.441341,35.414760,0
2,22-3-2023 20:12:47:677993,paved,sudden-right-turn,-0.703901,-0.098301,1.315224,-0.076945,0.003712,-0.001473,-42.303543,42.441341,35.414760,0
3,22-3-2023 20:12:47:688056,paved,sudden-right-turn,-1.135011,0.054983,1.411028,-0.076412,0.018360,-0.000674,-40.289089,38.399307,32.379207,0
4,22-3-2023 20:12:47:688056,paved,sudden-right-turn,-1.106271,-0.912620,-2.516865,-0.091859,0.030078,-0.003338,-40.289089,38.399307,32.379207,0
5,22-3-2023 20:12:47:720056,paved,sudden-right-turn,-0.636840,-1.113805,-2.641409,-0.102778,0.036736,-0.006533,-40.289089,40.420326,33.391059,0
6,22-3-2023 20:12:47:728050,paved,sudden-right-turn,-1.431998,-0.586892,0.548807,-0.075880,0.018626,-0.000408,-40.289089,40.420326,33.391059,0
7,22-3-2023 20:12:47:736054,paved,sudden-right-turn,-0.751802,0.351970,0.836214,-0.038595,-0.025849,0.005984,-42.303543,44.462356,34.402912,0
8,22-3-2023 20:12:47:736054,paved,sudden-right-turn,-0.991308,0.533994,0.567966,-0.022616,-0.059139,0.007582,-42.303543,44.462356,34.402912,0
9,22-3-2023 20:12:47:744049,paved,sudden-right-turn,-0.885926,0.246587,-0.208031,-0.051378,-0.034904,0.004119,-40.289089,40.420326,34.402912,0
10,22-3-2023 20:12:47:752050,paved,sudden-right-turn,-0.972148,-1.401211,-1.261856,-0.080674,0.017827,0.000924,-40.289089,40.420326,34.402912,0
11,22-3-2023 20:12:47:798302,paved,sudden-right-turn,-0.675161,-1.899383,-2.708469,-0.099582,0.036470,-0.004403,-46.332458,40.420326,33.391059,0
12,22-3-2023 20:12:47:838310,paved,sudden-right-turn,-0.646420,-0.950941,-1.836670,-0.082538,0.057775,-0.007066,-46.332458,40.420326,33.391059,0
13,22-3-2023 20:12:47:886352,paved,sudden-right-turn,-0.847605,-0.213264,0.759571,-0.063629,0.015431,-0.000941,-40.289089,34.357273,34.402912,0
14,22-3-2023 20:12:47:926305,paved,sudden-right-turn,-1.240394,0.524414,1.669693,-0.058835,-0.019990,0.002522,-40.289089,34.357273,34.402912,0
15,22-3-2023 20:12:47:982341,paved,sudden-right-turn,-1.039209,0.246587,1.123621,-0.045786,-0.043959,0.008647,-38.274635,40.420326,34.402912,0
16,22-3-2023 20:12:48:22300,paved,sudden-right-turn,-0.435655,-0.538991,0.491325,-0.076412,0.014898,-0.001207,-38.274635,40.420326,34.402912,0
17,22-3-2023 20:12:48:70332,paved,sudden-right-turn,-1.029629,-1.899383,-0.754105,-0.093723,0.050052,-0.008131,-46.332458,44.462356,33.391059,0
18,22-3-2023 20:12:48:118279,paved,sudden-right-turn,-1.211653,-0.931780,-1.146893,-0.092392,0.033540,-0.004403,-46.332458,44.462356,33.391059,0
19,22-3-2023 20:12:48:158316,paved,sudden-right-turn,-1.144592,-0.644374,-1.118153,-0.063895,-0.003745,0.002255,-40.289089,42.441341,34.402912,0
20,22-3-2023 20:12:48:206308,paved,sudden-right-turn,-1.422418,-0.232424,1.133202,-0.036198,-0.045557,0.001989,-40.289089,42.441341,34.402912,0
21,22-3-2023 20:12:48:246309,paved,sudden-right-turn,-0.109927,-0.376127,1.037397,-0.040726,-0.037301,0.006250,-40.289089,42.441341,34.402912,0
22,22-3-2023 20:12:48:294299,paved,sudden-right-turn,-0.770963,-2.387975,-0.370895,-0.073749,0.012235,0.003587,-40.289089,42.441341,34.402912,0
23,22-3-2023 20:12:48:342259,paved,sudden-right-turn,-0.569778,-2.694542,-3.628172,-0.115562,0.033540,-0.006800,-40.289089,38.399307,35.414760,0
24,22-3-2023 20:12:48:382260,paved,sudden-right-turn,-1.336196,-1.755680,-1.472620,-0.098783,0.043394,-0.007599,-40.289089,38.399307,35.414760,0
25,22-3-2023 20:12:48:430242,paved,sudden-right-turn,-1.384097,0.208266,1.851715,-0.042590,-0.030909,0.000924,-38.274635,42.441341,34.402912,0
26,22-3-2023 20:12:48:478233,paved,sudden-right-turn,-1.690664,0.169945,2.388210,-0.019953,-0.050617,0.009978,-38.274635,42.441341,34.402912,0
27,22-3-2023 20:12:48:518229,paved,sudden-right-turn,-0.608099,-1.976025,-0.782845,-0.065227,-0.009870,0.007582,-40.289089,40.420326,34.402912,0
28,22-3-2023 20:12:48:566226,paved,sudden-right-turn,-0.473976,-1.707778,-2.574347,-0.111034,0.027415,-0.000142,-40.289089,40.420326,34.402912,0
29,22-3-2023 20:12:48:606227,paved,sudden-right-turn,-0.857185,-0.261165,0.855373,-0.064162,0.025551,0.000125,-38.274635,38.399307,32.379207,0
30,22-3-2023 20:12:48:654209,paved,sudden-right-turn,-1.728985,-0.586892,1.114040,-0.079076,0.019692,0.000125,-38.274635,38.399307,32.379207,0
31,22-3-2023 20:12:48:702205,paved,sudden-right-turn,-0.406914,-0.797657,-2.698889,-0.076679,0.051384,-0.000674,-42.303543,38.399307,34.402912,0
32,22-3-2023 20:12:48:750206,paved,sudden-right-turn,-1.479899,0.984265,1.296064,-0.059102,-0.064732,0.010511,-42.303543,38.399307,34.402912,0
33,22-3-2023 20:12:48:798192,paved,sudden-right-turn,-0.770963,-0.663534,-1.137314,-0.065227,0.043927,0.009712,-40.289089,40.420326,35.414760,0
34,22-3-2023 20:12:48:838232,paved,sudden-right-turn,-0.684741,-0.107881,-3.206642,-0.085201,-0.017327,0.007049,-40.289089,40.420326,35.414760,0
35,22-3-2023 20:12:48:886227,paved,sudden-right-turn,-1.767306,0.102884,-0.102650,-0.032470,-0.021322,0.007848,-38.274635,38.399307,34.402912,0
36,22-3-2023 20:12:48:926179,paved,sudden-right-turn,-0.828444,1.175869,2.915121,-0.023148,0.039133,0.002788,-38.274635,38.399307,34.402912,0
37,22-3-2023 20:12:48:974173,paved,sudden-right-turn,-0.569778,-0.031239,-0.581659,-0.090527,0.045791,-0.005468,-40.289089,40.420326,34.402912,0
38,22-3-2023 20:12:49:22166,paved,sudden-right-turn,-0.320692,0.026242,-3.129999,-0.102246,-0.027980,-0.000674,-40.289089,40.420326,34.402912,0
39,22-3-2023 20:12:49:62190,paved,sudden-right-turn,-1.824788,0.169945,-0.303833,-0.065760,-0.002679,0.006516,-40.289089,38.399307,35.414760,0
40,22-3-2023 20:12:49:110173,paved,sudden-right-turn,-0.560198,0.304069,1.296064,-0.040992,-0.006940,0.002522,-40.289089,38.399307,35.414760,0
41,22-3-2023 20:12:49:158149,paved,sudden-right-turn,-0.780543,0.246587,2.646877,-0.043921,0.002381,-0.000142,-40.289089,42.441341,33.391059,0
42,22-3-2023 20:12:49:198144,paved,sudden-right-turn,-0.502717,-0.002499,0.280560,-0.076679,0.038867,-0.008664,-40.289089,42.441341,33.391059,0
43,22-3-2023 20:12:49:246149,paved,sudden-right-turn,-0.828444,0.543574,-1.578003,-0.116893,0.049786,-0.011327,-42.303543,38.399307,35.414760,0
44,22-3-2023 20:12:49:286151,paved,sudden-right-turn,-0.205730,1.003425,-2.085754,-0.050846,0.033008,-0.005202,-42.303543,38.399307,35.414760,0
45,22-3-2023 20:12:49:342128,paved,sudden-right-turn,0.254121,1.482436,-2.315681,-0.093723,-0.010935,-0.012392,-40.289089,36.378292,35.414760,0
46,22-3-2023 20:12:49:382121,paved,sudden-right-turn,-1.422418,0.629796,-2.603086,-0.075347,0.058308,-0.009996,-40.289089,36.378292,35.414760,0
47,22-3-2023 20:12:49:430120,paved,sudden-right-turn,0.033776,1.913546,-2.152817,-0.039128,0.020224,-0.010794,-40.289089,34.357273,35.414760,0
48,22-3-2023 20:12:49:470106,paved,sudden-right-turn,-1.748146,0.524414,2.512753,-0.042856,-0.006940,-0.008131,-40.289089,34.357273,35.414760,0
49,22-3-2023 20:12:49:518106,paved,sudden-right-turn,-1.748146,-0.012079,2.848061,-0.062564,0.077483,-0.009729,-38.274635,38.399307,37.438465,0
50,22-3-2023 20:12:49:566099,paved,sudden-right-turn,-0.790123,0.783080,3.528255,-0.011164,-0.046356,-0.004669,-38.274635,38.399307,37.438465,0
51,22-3-2023 20:12:49:606098,paved,sudden-right-turn,-2.275058,0.696858,2.809740,-0.029540,0.005310,-0.002805,-40.289089,40.420326,34.402912,0
52,22-3-2023 20:12:49:654086,paved,sudden-right-turn,-1.958910,0.131625,3.566578,-0.028741,0.036736,-0.008664,-40.289089,40.420326,34.402912,0
53,22-3-2023 20:12:49:702080,paved,sudden-right-turn,-0.895506,0.476513,2.464849,-0.005838,-0.059672,-0.006800,-40.289089,40.420326,33.391059,0
54,22-3-2023 20:12:49:742078,paved,sudden-right-turn,-2.639106,0.246587,2.733097,-0.023415,0.012767,-0.015056,-40.289089,40.420326,33.391059,0
55,22-3-2023 20:12:49:790070,paved,sudden-right-turn,-1.479899,-0.845558,2.129543,-0.029540,-0.031974,-0.018251,-40.289089,40.420326,33.391059,0
56,22-3-2023 20:12:49:838059,paved,sudden-right-turn,-1.431998,-0.404868,1.209841,-0.020219,-0.038632,-0.019317,-40.289089,40.420326,33.391059,0
57,22-3-2023 20:12:49:878058,paved,sudden-right-turn,-2.284638,-0.146202,0.979918,-0.029540,0.010370,-0.016387,-38.274635,42.441341,36.426612,0
58,22-3-2023 20:12:49:926052,paved,sudden-right-turn,-1.527801,-0.960521,1.171520,-0.036731,-0.034904,-0.013724,-38.274635,42.441341,36.426612,0
59,22-3-2023 20:12:49:966044,paved,sudden-right-turn,-1.470319,-0.098301,1.861296,-0.018887,-0.025050,-0.018251,-42.303543,38.399307,35.414760,0
60,22-3-2023 20:12:50:14042,paved,sudden-right-turn,-2.083454,0.438192,-0.112228,-0.105708,0.022355,-0.040622,-42.303543,38.399307,35.414760,0
61,22-3-2023 20:12:50:62036,paved,sudden-right-turn,-0.790123,-0.232424,-0.102650,-0.096653,-0.036236,-0.047280,-40.289089,40.420326,34.402912,0
62,22-3-2023 20:12:50:110037,paved,sudden-right-turn,-0.109927,0.926783,-4.040121,-0.108637,0.018893,-0.051541,-40.289089,40.420326,34.402912,0
63,22-3-2023 20:12:50:150026,paved,sudden-right-turn,-0.196149,1.127968,-2.919235,-0.123817,0.030611,-0.050476,-42.303543,38.399307,35.414760,0
64,22-3-2023 20:12:50:198065,paved,sudden-right-turn,0.043356,1.242931,-2.833012,-0.110501,-0.020523,-0.046748,-42.303543,38.399307,35.414760,0
65,22-3-2023 20:12:50:246061,paved,sudden-right-turn,0.043356,1.377054,-3.484468,-0.113431,0.034339,-0.056335,-40.289089,38.399307,36.426612,0
66,22-3-2023 20:12:50:292697,paved,sudden-right-turn,-0.330273,2.105151,-1.942053,-0.119556,0.026350,-0.061395,-40.289089,38.399307,36.426612,0
67,22-3-2023 20:12:50:331080,paved,sudden-right-turn,-0.320692,1.789003,-1.980373,-0.106240,-0.034904,-0.060064,-42.303543,36.378292,33.391059,0
68,22-3-2023 20:12:50:379068,paved,sudden-right-turn,-0.857185,1.386634,-2.794693,-0.114230,0.045258,-0.064591,-42.303543,36.378292,33.391059,0
69,22-3-2023 20:12:50:427061,paved,sudden-right-turn,-0.368593,2.718285,-3.244963,-0.115562,0.007707,-0.063792,-40.289089,38.399307,35.414760,0
70,22-3-2023 20:12:50:467072,paved,sudden-right-turn,-0.196149,0.984265,-3.177900,-0.108637,-0.022387,-0.063260,-40.289089,38.399307,35.414760,0
71,22-3-2023 20:12:50:515060,paved,sudden-right-turn,-1.470319,1.520757,-2.861753,-0.115295,0.060705,-0.064325,-40.289089,40.420326,33.391059,0
72,22-3-2023 20:12:50:563041,paved,sudden-right-turn,0.005035,1.923127,-4.212564,-0.075081,-0.055677,-0.060330,-40.289089,40.420326,33.391059,0
73,22-3-2023 20:12:50:603096,paved,sudden-right-turn,0.388244,0.735179,-4.538292,-0.106507,-0.034105,-0.068852,-44.318004,42.441341,34.402912,0
74,22-3-2023 20:12:50:651091,paved,sudden-right-turn,-1.901429,1.195029,-1.463039,-0.092392,0.048188,-0.067521,-44.318004,42.441341,34.402912,0
75,22-3-2023 20:12:50:699086,paved,sudden-right-turn,-0.531457,0.648957,-2.995876,-0.097185,-0.050084,-0.070450,-40.289089,38.399307,34.402912,0
76,22-3-2023 20:12:50:743256,paved,sudden-right-turn,0.158319,1.424955,-4.270046,-0.103843,0.014898,-0.073912,-40.289089,38.399307,34.402912,0
77,22-3-2023 20:12:50:788067,paved,sudden-right-turn,-0.838024,0.888462,-2.919235,-0.080940,-0.008006,-0.071249,-38.274635,38.399307,33.391059,0
78,22-3-2023 20:12:50:836056,paved,sudden-right-turn,-0.445235,0.553154,-2.373161,-0.076679,0.012501,-0.074978,-38.274635,38.399307,33.391059,0
79,22-3-2023 20:12:50:876109,paved,sudden-right-turn,-0.493136,0.332809,-0.936129,-0.053509,-0.031974,-0.070717,-42.303543,34.357273,33.391059,0
80,22-3-2023 20:12:50:924051,paved,sudden-right-turn,-0.426075,0.189106,0.088955,-0.024746,-0.029578,-0.061928,-42.303543,34.357273,33.391059,0
81,22-3-2023 20:12:50:972096,paved,sudden-right-turn,-1.834368,1.913546,2.848061,-0.026877,0.017028,-0.060863,-38.274635,38.399307,34.402912,0
82,22-3-2023 20:12:51:12034,paved,sudden-right-turn,-1.135011,1.616559,4.074329,-0.027942,0.029279,-0.066455,-38.274635,38.399307,34.402912,0
83,22-3-2023 20:12:51:60028,paved,sudden-right-turn,-0.483556,1.357893,3.796503,-0.028209,-0.003745,-0.065390,-44.318004,36.378292,35.414760,0
84,22-3-2023 20:12:51:108020,paved,sudden-right-turn,-1.987651,1.396214,2.397789,-0.061232,0.024219,-0.066455,-44.318004,36.378292,35.414760,0
85,22-3-2023 20:12:51:148075,paved,sudden-right-turn,-1.115851,1.721942,-2.133656,-0.103044,0.037269,-0.072048,-40.289089,34.357273,34.402912,0
86,22-3-2023 20:12:51:196040,paved,sudden-right-turn,0.215800,0.323229,-2.900074,-0.133405,0.034872,-0.074711,-40.289089,34.357273,34.402912,0
87,22-3-2023 20:12:51:236012,paved,sudden-right-turn,0.349923,0.830981,-4.662836,-0.093457,-0.038100,-0.060863,-46.332458,42.441341,36.426612,0
88,22-3-2023 20:12:51:284007,paved,sudden-right-turn,-0.751802,-0.251584,-2.229458,-0.109436,-0.005875,-0.060863,-46.332458,42.441341,36.426612,0
89,22-3-2023 20:12:51:332052,paved,sudden-right-turn,-0.656000,0.505253,-0.610401,-0.102512,-0.010669,-0.062993,-42.303543,40.420326,36.426612,0
90,22-3-2023 20:12:51:380047,paved,sudden-right-turn,-0.694321,-0.433609,-1.913311,-0.057504,-0.020256,-0.059265,-42.303543,40.420326,36.426612,0
91,22-3-2023 20:12:51:419983,paved,sudden-right-turn,-1.824788,1.741102,1.257744,-0.012762,-0.034904,-0.060863,-42.303543,40.420326,34.402912,0
92,22-3-2023 20:12:51:467983,paved,sudden-right-turn,-1.700245,2.335076,2.004999,-0.014893,-0.004810,-0.061395,-42.303543,40.420326,34.402912,0
93,22-3-2023 20:12:51:515975,paved,sudden-right-turn,-0.531457,1.606979,2.713938,-0.047117,0.031942,-0.066455,-46.332458,44.462356,35.414760,0
94,22-3-2023 20:12:51:557041,paved,sudden-right-turn,-1.087110,1.444115,2.551073,-0.059901,0.033540,-0.053139,-46.332458,44.462356,35.414760,0
95,22-3-2023 20:12:51:605107,paved,sudden-right-turn,-1.135011,1.434535,0.347622,-0.082538,0.069227,-0.060596,-46.332458,42.441341,35.414760,0
96,22-3-2023 20:12:51:645047,paved,sudden-right-turn,0.139158,1.262091,-2.641409,-0.114496,-0.014131,-0.067521,-46.332458,42.441341,35.414760,0
97,22-3-2023 20:12:51:693034,paved,sudden-right-turn,-0.282371,0.380710,-4.701157,-0.122752,0.003446,-0.072847,-40.289089,42.441341,33.391059,0
98,22-3-2023 20:12:51:741035,paved,sudden-right-turn,-0.493136,-0.107881,-2.468966,-0.070553,-0.006674,-0.073646,-40.289089,42.441341,33.391059,0
99,22-3-2023 20:12:51:782170,paved,sudden-right-turn,-1.000888,0.725599,0.462584,-0.034334,-0.010669,-0.073380,-46.332458,40.420326,35.414760,0
100,22-3-2023 20:12:51:830159,paved,sudden-right-turn,-1.997231,1.367474,1.391865,-0.033535,0.022888,-0.071782,-46.332458,40.420326,35.414760,0
101,22-3-2023 20:12:51:878108,paved,sudden-right-turn,-1.824788,1.702781,2.953444,-0.037263,-0.002679,-0.068320,-46.332458,40.420326,36.426612,0
102,22-3-2023 20:12:51:918110,paved,sudden-right-turn,-1.537381,2.833248,4.064749,-0.007702,-0.027447,-0.053139,-46.332458,40.420326,36.426612,0
103,22-3-2023 20:12:51:966098,paved,sudden-right-turn,-1.451159,1.721942,3.279171,-0.016757,-0.019191,-0.068586,-44.318004,40.420326,34.402912,0
104,22-3-2023 20:12:52:14092,paved,sudden-right-turn,-0.972148,1.769843,3.614479,-0.036198,0.048188,-0.074978,-44.318004,40.420326,34.402912,0
105,22-3-2023 20:12:52:62083,paved,sudden-right-turn,0.282862,0.074143,1.171520,-0.044987,-0.017859,-0.082168,-40.289089,42.441341,35.414760,0
106,22-3-2023 20:12:52:102105,paved,sudden-right-turn,-0.148248,1.559078,-0.054749,-0.082272,0.069227,-0.086962,-40.289089,42.441341,35.414760,0
107,22-3-2023 20:12:52:150084,paved,sudden-right-turn,-0.550618,0.850141,-2.057014,-0.119290,0.052183,-0.089359,-46.332458,42.441341,33.391059,0
108,22-3-2023 20:12:52:190069,paved,sudden-right-turn,-0.435655,0.802240,-4.116763,-0.107306,0.041796,-0.085630,-46.332458,42.441341,33.391059,0
109,22-3-2023 20:12:52:238110,paved,sudden-right-turn,-0.349433,1.760263,-3.149160,-0.080407,0.011702,-0.072581,-46.332458,42.441341,35.414760,0
110,22-3-2023 20:12:52:286105,paved,sudden-right-turn,-1.575701,-0.069560,0.223080,-0.056971,-0.011734,-0.075510,-46.332458,42.441341,35.414760,0
111,22-3-2023 20:12:52:326057,paved,sudden-right-turn,-0.512297,-0.337806,-2.861753,-0.050579,-0.025583,-0.091490,-44.318004,44.462356,37.438465,0
112,22-3-2023 20:12:52:374054,paved,sudden-right-turn,-1.240394,0.476513,-0.591240,-0.024214,-0.059405,-0.084565,-44.318004,44.462356,37.438465,0
113,22-3-2023 20:12:52:422049,paved,sudden-right-turn,-2.322959,2.277595,3.058825,0.002152,-0.037301,-0.079771,-48.346912,42.441341,34.402912,0
114,22-3-2023 20:12:52:462093,paved,sudden-right-turn,-1.489480,2.105151,4.677883,-0.022349,-0.046356,-0.064059,-48.346912,42.441341,34.402912,0
115,22-3-2023 20:12:52:510063,paved,sudden-right-turn,-0.684741,1.674041,2.579813,-0.010898,-0.018658,-0.070717,-46.332458,42.441341,34.402912,0
116,22-3-2023 20:12:52:558033,paved,sudden-right-turn,-0.636840,0.869302,3.403715,-0.003973,-0.003478,-0.075777,-46.332458,42.441341,34.402912,0
117,22-3-2023 20:12:52:606031,paved,sudden-right-turn,-0.885926,2.239274,1.497248,0.015734,0.049253,-0.089093,-46.332458,42.441341,34.402912,0
118,22-3-2023 20:12:52:646011,paved,sudden-right-turn,-0.406914,2.268015,2.800159,-0.011164,0.022621,-0.081369,-46.332458,42.441341,34.402912,0
119,22-3-2023 20:12:52:694006,paved,sudden-right-turn,-1.144592,2.708705,3.911467,-0.046052,0.076684,-0.080038,-48.346912,38.399307,35.414760,0
120,22-3-2023 20:12:52:742001,paved,sudden-right-turn,-0.617679,2.402138,-0.169710,-0.067890,0.010104,-0.078173,-48.346912,38.399307,35.414760,0
121,22-3-2023 20:12:52:782027,paved,sudden-right-turn,-0.732642,1.817744,-4.701157,-0.118491,0.056444,-0.098414,-50.361366,42.441341,34.402912,0
122,22-3-2023 20:12:52:830021,paved,sudden-right-turn,-0.081187,1.242931,-4.356269,-0.126214,0.002913,-0.100012,-50.361366,42.441341,34.402912,0
123,22-3-2023 20:12:52:869988,paved,sudden-right-turn,-0.847605,-0.529411,-2.392323,-0.077744,-0.013598,-0.093354,-48.346912,44.462356,37.438465,0
124,22-3-2023 20:12:52:917990,paved,sudden-right-turn,-0.205730,0.007082,-2.267780,-0.035399,-0.084706,-0.060863,-48.346912,44.462356,37.438465,0
125,22-3-2023 20:12:52:965982,paved,sudden-right-turn,-1.106271,0.696858,-0.610401,-0.047916,-0.057808,-0.061129,-44.318004,42.441341,33.391059,0
126,22-3-2023 20:12:53:12170,paved,sudden-right-turn,-1.479899,1.424955,2.004999,-0.051645,0.006376,-0.064325,-44.318004,42.441341,33.391059,0
127,22-3-2023 20:12:53:57542,paved,sudden-right-turn,-1.326616,2.315916,3.882725,-0.025013,0.058574,-0.055004,-48.346912,42.441341,34.402912,0
128,22-3-2023 20:12:53:97542,paved,sudden-right-turn,-1.115851,2.181793,4.524601,-0.022083,-0.040497,-0.043019,-48.346912,42.441341,34.402912,0
129,22-3-2023 20:12:53:145538,paved,sudden-right-turn,-0.751802,0.524414,0.893694,-0.022349,0.019692,-0.052873,-52.375820,42.441341,33.391059,0
130,22-3-2023 20:12:53:185545,paved,sudden-right-turn,-0.627259,1.070487,1.899618,-0.023681,0.030078,-0.073380,-52.375820,42.441341,33.391059,0
131,22-3-2023 20:12:53:241549,paved,sudden-right-turn,-1.364937,1.932707,-1.166054,-0.056438,-0.007207,-0.055270,-48.346912,42.441341,35.414760,0
132,22-3-2023 20:12:53:281514,paved,sudden-right-turn,-1.585282,1.204610,1.985840,-0.070021,0.035671,-0.043552,-48.346912,42.441341,35.414760,0
133,22-3-2023 20:12:53:329513,paved,sudden-right-turn,-0.857185,1.683621,1.114040,-0.075880,-0.000282,-0.042220,-50.361366,42.441341,35.414760,0
134,22-3-2023 20:12:53:369502,paved,sudden-right-turn,-0.464396,1.252511,3.873146,-0.057237,0.014898,-0.049677,-50.361366,42.441341,35.414760,0
135,22-3-2023 20:12:53:417506,paved,sudden-right-turn,-0.531457,1.626140,2.512753,-0.066292,0.086538,-0.052607,-48.346912,38.399307,31.367361,0
136,22-3-2023 20:12:53:465491,paved,sudden-right-turn,-0.560198,0.955524,2.043322,-0.043122,0.057509,-0.042220,-48.346912,38.399307,31.367361,0
137,22-3-2023 20:12:53:505493,paved,sudden-right-turn,-1.039209,1.041746,1.909199,-0.043122,0.013034,-0.036894,-46.332458,42.441341,36.426612,0
138,22-3-2023 20:12:53:553485,paved,sudden-right-turn,-1.815207,1.204610,3.030085,-0.038329,0.047389,-0.052340,-46.332458,42.441341,36.426612,0
139,22-3-2023 20:12:53:601484,paved,sudden-right-turn,-2.466663,-0.309066,2.225346,-0.024746,-0.011734,-0.042220,-42.303543,42.441341,35.414760,0
140,22-3-2023 20:12:53:641478,paved,sudden-right-turn,-1.623603,-0.289905,1.870878,-0.030073,-0.055677,-0.024909,-42.303543,42.441341,35.414760,0
141,22-3-2023 20:12:53:689486,paved,sudden-right-turn,-1.192493,-1.190446,0.299721,-0.043389,-0.035170,-0.036894,-44.318004,44.462356,34.402912,0
142,22-3-2023 20:12:53:737462,paved,sudden-right-turn,-2.131355,-0.519831,-1.137314,-0.092125,0.020491,-0.042753,-44.318004,44.462356,34.402912,0
143,22-3-2023 20:12:53:777462,paved,sudden-right-turn,-0.818864,-0.529411,-1.894152,-0.136068,-0.001880,-0.039291,-46.332458,44.462356,34.402912,0
144,22-3-2023 20:12:53:825447,paved,sudden-right-turn,0.742713,1.223770,-0.524179,-0.076146,0.019958,-0.032633,-46.332458,44.462356,34.402912,0
145,22-3-2023 20:12:53:873453,paved,sudden-right-turn,-0.550618,1.856065,1.267324,-0.048715,0.000517,-0.054737,-50.361366,42.441341,35.414760,0
146,22-3-2023 20:12:53:921447,paved,sudden-right-turn,-1.527801,-0.558152,1.439768,-0.035932,-0.016262,-0.054737,-50.361366,42.441341,35.414760,0
147,22-3-2023 20:12:53:961438,paved,sudden-right-turn,-2.025972,-1.238348,-1.635485,-0.052177,0.013034,-0.041421,-46.332458,42.441341,35.414760,0
148,22-3-2023 20:12:54:11493,paved,sudden-right-turn,0.963058,2.555421,-1.654646,-0.098251,-0.018925,-0.044085,-46.332458,42.441341,35.414760,0
149,22-3-2023 20:12:54:50496,paved,sudden-right-turn,-1.460739,1.348313,4.122231,-0.067091,0.079081,-0.047014,-48.346912,44.462356,34.402912,0
150,22-3-2023 20:12:54:98543,paved,sudden-right-turn,-1.796047,-0.289905,2.493593,-0.033535,-0.004810,-0.024643,-48.346912,44.462356,34.402912,0
151,22-3-2023 20:12:54:146528,paved,sudden-right-turn,-0.818864,-0.960521,-1.012770,-0.047117,-0.016262,-0.020116,-46.332458,46.483375,33.391059,0
152,22-3-2023 20:12:54:186483,paved,sudden-right-turn,-0.157829,0.706438,-1.625904,-0.078809,0.026882,-0.045416,-46.332458,46.483375,33.391059,0
153,22-3-2023 20:12:54:234479,paved,sudden-right-turn,-1.815207,1.195029,-0.246351,-0.084668,0.049786,-0.060596,-50.361366,40.420326,36.426612,0
154,22-3-2023 20:12:54:274512,paved,sudden-right-turn,-1.278715,-0.366547,1.209841,-0.047650,-0.043426,-0.038492,-50.361366,40.420326,36.426612,0
155,22-3-2023 20:12:54:322468,paved,sudden-right-turn,-0.665580,-1.286249,-1.884571,-0.086000,0.002381,-0.040090,-48.346912,46.483375,34.402912,0
156,22-3-2023 20:12:54:370502,paved,sudden-right-turn,-1.891849,0.898043,0.625448,-0.092392,0.023154,-0.055270,-48.346912,46.483375,34.402912,0
157,22-3-2023 20:12:54:410449,paved,sudden-right-turn,-1.681084,-1.976025,2.388210,-0.076412,-0.039165,-0.036628,-46.332458,44.462356,35.414760,0
158,22-3-2023 20:12:54:458442,paved,sudden-right-turn,-0.435655,0.505253,-1.587584,-0.093191,-0.026115,-0.039024,-46.332458,44.462356,35.414760,0
159,22-3-2023 20:12:54:506444,paved,sudden-right-turn,-0.349433,1.032166,0.749990,-0.043655,-0.020523,-0.048346,-44.318004,44.462356,35.414760,0
160,22-3-2023 20:12:54:554431,paved,sudden-right-turn,-0.952987,0.035822,-0.715784,-0.051645,0.034073,-0.027573,-44.318004,44.462356,35.414760,0
161,22-3-2023 20:12:54:594438,paved,sudden-right-turn,0.369084,1.070487,-1.233114,-0.057237,-0.022920,-0.021181,-50.361366,44.462356,36.426612,0
162,22-3-2023 20:12:54:642436,paved,sudden-right-turn,-1.470319,-0.309066,-0.629562,-0.069222,0.101452,-0.028372,-50.361366,44.462356,36.426612,0
163,22-3-2023 20:12:54:690454,paved,sudden-right-turn,-2.572045,0.974684,-1.961212,-0.095588,0.045791,-0.019317,-50.361366,44.462356,35.414760,0
164,22-3-2023 20:12:54:730409,paved,sudden-right-turn,-0.924246,0.562735,0.108116,-0.082804,-0.020256,-0.017985,-50.361366,44.462356,35.414760,0
165,22-3-2023 20:12:54:778400,paved,sudden-right-turn,-1.317036,-0.222844,-0.457117,-0.087864,-0.009604,-0.025708,-44.318004,40.420326,33.391059,0
166,22-3-2023 20:12:54:826395,paved,sudden-right-turn,-1.249974,-0.366547,-0.102650,-0.100381,0.010637,-0.034497,-44.318004,40.420326,33.391059,0
167,22-3-2023 20:12:54:866389,paved,sudden-right-turn,-1.403258,-1.065904,-0.600821,-0.072684,-0.011201,-0.008398,-48.346912,36.378292,35.414760,0
168,22-3-2023 20:12:54:914400,paved,sudden-right-turn,-0.924246,0.131625,0.213499,-0.084136,-0.062601,-0.009996,-48.346912,36.378292,35.414760,0
169,22-3-2023 20:12:54:954378,paved,sudden-right-turn,-0.081187,-2.138889,0.270979,-0.037796,0.040465,-0.024909,-50.361366,44.462356,32.379207,0
170,22-3-2023 20:12:55:2421,paved,sudden-right-turn,-1.805627,0.112464,0.472164,-0.054574,0.036470,-0.023312,-50.361366,44.462356,32.379207,0
171,22-3-2023 20:12:55:50414,paved,sudden-right-turn,-1.211653,-0.146202,-0.179291,-0.067890,-0.063667,-0.021181,-50.361366,42.441341,33.391059,0
172,22-3-2023 20:12:55:90363,paved,sudden-right-turn,-2.543304,0.332809,2.800159,-0.085734,-0.032773,-0.029970,-50.361366,42.441341,33.391059,0
173,22-3-2023 20:12:55:144407,paved,sudden-right-turn,-1.039209,-0.309066,-1.127733,-0.097718,0.004511,-0.007599,-44.318004,42.441341,34.402912,0
174,22-3-2023 20:12:55:184426,paved,sudden-right-turn,-0.397334,0.169945,-0.093067,-0.101180,0.022621,-0.013724,-44.318004,42.441341,34.402912,0
175,22-3-2023 20:12:55:232389,paved,sudden-right-turn,-0.703901,0.179526,0.606287,-0.075081,0.005843,-0.015588,-46.332458,42.441341,34.402912,0
176,22-3-2023 20:12:55:280422,paved,sudden-right-turn,-0.732642,-1.238348,0.270979,-0.041258,0.014365,-0.023844,-46.332458,42.441341,34.402912,0
177,22-3-2023 20:12:55:320370,paved,sudden-right-turn,-0.809284,0.514834,-1.539682,-0.026344,-0.057541,-0.023844,-46.332458,44.462356,35.414760,0
178,22-3-2023 20:12:55:368363,paved,sudden-right-turn,-0.454815,0.083723,0.136856,-0.038062,0.007441,-0.039823,-46.332458,44.462356,35.414760,0
179,22-3-2023 20:12:55:416358,paved,sudden-right-turn,-1.451159,1.137548,0.069796,-0.079875,0.020224,-0.020382,-48.346912,42.441341,35.414760,0
180,22-3-2023 20:12:55:456351,paved,sudden-right-turn,0.081677,-0.615633,1.094881,-0.046851,-0.048486,-0.017452,-48.346912,42.441341,35.414760,0
181,22-3-2023 20:12:55:504358,paved,sudden-right-turn,-2.792390,0.859722,1.075718,-0.061232,0.007175,-0.023045,-46.332458,38.399307,33.391059,0
182,22-3-2023 20:12:55:544340,paved,sudden-right-turn,-0.167409,-0.644374,-4.327528,-0.086799,0.062836,-0.015588,-46.332458,38.399307,33.391059,0
183,22-3-2023 20:12:55:592343,paved,sudden-right-turn,-0.282371,0.035822,0.635027,-0.116893,-0.002946,-0.014523,-44.318004,40.420326,32.379207,0
184,22-3-2023 20:12:55:640379,paved,sudden-right-turn,-1.345776,0.668117,-1.817509,-0.096919,-0.020256,-0.038758,-44.318004,40.420326,32.379207,0
185,22-3-2023 20:12:55:680342,paved,sudden-right-turn,-2.284638,0.562735,0.884113,-0.073483,-0.017593,-0.039557,-50.361366,44.462356,34.402912,0
186,22-3-2023 20:12:55:728366,paved,sudden-right-turn,-1.604442,-1.094644,2.062483,-0.063096,-0.033040,-0.028105,-50.361366,44.462356,34.402912,0
187,22-3-2023 20:12:55:776360,paved,sudden-right-turn,-0.368593,1.875225,-1.884571,-0.066825,0.007707,-0.023312,-50.361366,44.462356,33.391059,0
188,22-3-2023 20:12:55:824307,paved,sudden-right-turn,-0.502717,-2.119728,-1.884571,-0.085734,0.005843,-0.013724,-50.361366,44.462356,33.391059,0
189,22-3-2023 20:12:55:864352,paved,sudden-right-turn,-0.454815,0.093304,0.520067,-0.045786,-0.092962,-0.015588,-48.346912,40.420326,35.414760,0
190,22-3-2023 20:12:55:912303,paved,sudden-right-turn,-1.412838,1.195029,-3.082100,-0.056971,0.023686,-0.022246,-48.346912,40.420326,35.414760,0
191,22-3-2023 20:12:55:960291,paved,sudden-right-turn,-1.681084,-1.065904,-1.118153,-0.077478,0.034339,-0.030769,-46.332458,44.462356,35.414760,0
192,22-3-2023 20:12:56:285,paved,sudden-right-turn,-0.847605,0.294488,0.711670,-0.112898,-0.056210,-0.020648,-46.332458,44.462356,35.414760,0
193,22-3-2023 20:12:56:48291,paved,sudden-right-turn,-1.738565,0.323229,-0.485859,-0.101447,-0.008272,-0.027573,-48.346912,44.462356,32.379207,0
194,22-3-2023 20:12:56:96283,paved,sudden-right-turn,-1.135011,-1.161706,0.500906,-0.056438,0.003979,-0.025442,-48.346912,44.462356,32.379207,0
195,22-3-2023 20:12:56:136267,paved,sudden-right-turn,-2.169676,0.150785,2.541492,-0.064162,-0.015729,-0.018251,-50.361366,40.420326,35.414760,0
196,22-3-2023 20:12:56:184264,paved,sudden-right-turn,-0.646420,0.189106,-2.919235,-0.040726,0.040997,-0.020116,-50.361366,40.420326,35.414760,0
197,22-3-2023 20:12:56:224291,paved,sudden-right-turn,-0.263211,0.332809,-1.731287,-0.047384,-0.030377,-0.019317,-46.332458,44.462356,34.402912,0
198,22-3-2023 20:12:56:272249,paved,sudden-right-turn,-0.675161,-2.292172,0.108116,-0.066825,0.006376,-0.026241,-46.332458,44.462356,34.402912,0
199,22-3-2023 20:12:56:320245,paved,sudden-right-turn,-2.811551,1.147128,1.114040,-0.071619,0.018360,-0.027573,-46.332458,40.420326,36.426612,0
200,22-3-2023 20:12:56:360287,paved,sudden-right-turn,-1.958910,2.382977,0.481747,-0.110768,-0.056210,-0.012925,-46.332458,40.420326,36.426612,0
201,22-3-2023 20:12:56:408276,paved,sudden-right-turn,0.110418,-0.816818,-2.813852,-0.095588,-0.032507,-0.023045,-48.346912,44.462356,34.402912,0
202,22-3-2023 20:12:56:456228,paved,sudden-right-turn,-1.297875,-0.596472,0.203918,-0.105175,0.014365,-0.030502,-48.346912,44.462356,34.402912,0
203,22-3-2023 20:12:56:504234,paved,sudden-right-turn,-0.933827,-3.058590,1.161942,-0.047384,-0.042894,-0.025708,-50.361366,44.462356,34.402912,0
204,22-3-2023 20:12:56:544218,paved,sudden-right-turn,0.081677,-4.198637,-2.900074,-0.129943,-0.035969,-0.026774,-50.361366,44.462356,34.402912,0
205,22-3-2023 20:12:56:592209,paved,sudden-right-turn,-2.246318,-2.186790,-2.478544,-0.137400,0.002913,-0.029970,-48.346912,46.483375,34.402912,0
206,22-3-2023 20:12:56:640207,paved,sudden-right-turn,-0.033286,-4.457303,-2.583927,-0.175217,0.010903,-0.024909,-48.346912,46.483375,34.402912,0
207,22-3-2023 20:12:56:680247,paved,sudden-right-turn,-1.451159,-1.372471,1.660112,-0.034334,0.063634,-0.019050,-48.346912,42.441341,32.379207,0
208,22-3-2023 20:12:56:731011,paved,sudden-right-turn,-0.224890,-1.420372,-0.543339,-0.001577,-0.045024,-0.024643,-48.346912,42.441341,32.379207,0
209,22-3-2023 20:12:56:770274,paved,sudden-right-turn,1.298366,-1.458693,-1.807928,-0.046585,-0.083108,-0.025975,-48.346912,44.462356,32.379207,0
210,22-3-2023 20:12:56:818264,paved,sudden-right-turn,-2.294219,-0.155782,2.493593,-0.087598,-0.010403,-0.029437,-48.346912,44.462356,32.379207,0
211,22-3-2023 20:12:56:866258,paved,sudden-right-turn,-0.694321,-0.289905,0.453003,-0.070820,0.084141,-0.039024,-50.361366,46.483375,33.391059,0
212,22-3-2023 20:12:56:906294,paved,sudden-right-turn,-1.384097,-0.443189,1.363125,-0.070820,0.049520,-0.031035,-50.361366,46.483375,33.391059,0
213,22-3-2023 20:12:56:956338,paved,sudden-right-turn,-0.435655,-1.171286,-0.543339,-0.074548,-0.002147,-0.031567,-50.361366,44.462356,32.379207,0
214,22-3-2023 20:12:56:995287,paved,sudden-right-turn,-0.387754,-2.205950,1.219421,-0.049248,0.017295,-0.020648,-50.361366,44.462356,32.379207,0
215,22-3-2023 20:12:57:43285,paved,sudden-right-turn,-1.901429,0.035822,3.039665,-0.010099,0.063901,-0.019849,-50.361366,38.399307,36.426612,0
216,22-3-2023 20:12:57:91316,paved,sudden-right-turn,-1.345776,-1.650297,-3.494048,-0.050846,-0.011734,-0.013191,-50.361366,38.399307,36.426612,0
217,22-3-2023 20:12:57:139311,paved,sudden-right-turn,-0.828444,-0.050400,-1.079832,-0.079076,-0.059672,-0.016121,-48.346912,44.462356,34.402912,0
218,22-3-2023 20:12:57:179273,paved,sudden-right-turn,0.311603,-0.385707,-3.034197,-0.088397,0.002913,-0.039823,-48.346912,44.462356,34.402912,0
219,22-3-2023 20:12:57:227258,paved,sudden-right-turn,-0.828444,-0.586892,0.644609,-0.067890,-0.006408,-0.035562,-52.375820,44.462356,34.402912,0
220,22-3-2023 20:12:57:275253,paved,sudden-right-turn,-0.646420,-2.847826,-0.447536,-0.092658,-0.023719,-0.025975,-52.375820,44.462356,34.402912,0
221,22-3-2023 20:12:57:315289,paved,sudden-right-turn,-1.623603,-2.043087,-0.552919,-0.063629,-0.017859,-0.017719,-50.361366,46.483375,35.414760,0
222,22-3-2023 20:12:57:363233,paved,sudden-right-turn,0.110418,-1.152125,0.136856,-0.032736,-0.047954,-0.028638,-50.361366,46.483375,35.414760,0
223,22-3-2023 20:12:57:411240,paved,sudden-right-turn,-0.885926,-1.544915,-0.869068,-0.061232,0.021023,-0.026241,-52.375820,40.420326,35.414760,0
224,22-3-2023 20:12:57:451230,paved,sudden-right-turn,-0.885926,-0.663534,-0.581659,-0.040726,-0.069792,-0.002272,-52.375820,40.420326,35.414760,0
225,22-3-2023 20:12:57:499227,paved,sudden-right-turn,-0.703901,3.044013,3.633638,-0.000778,0.004511,-0.010528,-50.361366,38.399307,33.391059,0
226,22-3-2023 20:12:57:539239,paved,sudden-right-turn,-2.131355,1.166289,0.385942,-0.040726,0.042063,-0.036894,-50.361366,38.399307,33.391059,0
227,22-3-2023 20:12:57:586173,paved,sudden-right-turn,-0.320692,-0.721015,-3.110840,-0.120089,-0.001880,-0.029171,-54.390277,44.462356,33.391059,0
228,22-3-2023 20:12:57:633247,paved,sudden-right-turn,-0.311112,-1.353310,0.031475,-0.082804,-0.047954,-0.028372,-54.390277,44.462356,33.391059,0
229,22-3-2023 20:12:57:681233,paved,sudden-right-turn,-2.198416,-1.362890,0.960756,-0.088397,0.090267,-0.036894,-52.375820,46.483375,34.402912,0
230,22-3-2023 20:12:57:729235,paved,sudden-right-turn,-2.524144,-1.132965,0.136856,-0.029806,-0.072189,-0.019849,-52.375820,46.483375,34.402912,0
231,22-3-2023 20:12:57:769269,paved,sudden-right-turn,-1.824788,2.076410,5.827509,0.023724,-0.080711,-0.015322,-48.346912,42.441341,33.391059,0
232,22-3-2023 20:12:57:820725,paved,sudden-right-turn,-1.058370,1.635720,0.874535,-0.057237,-0.004011,-0.016654,-48.346912,42.441341,33.391059,0
233,22-3-2023 20:12:57:860727,paved,sudden-right-turn,-3.606709,-0.912620,6.919657,-0.072950,0.013833,-0.000408,-54.390277,42.441341,34.402912,0
234,22-3-2023 20:12:57:908719,paved,sudden-right-turn,-1.748146,2.708705,3.729443,-0.026078,-0.051682,-0.007865,-54.390277,42.441341,34.402912,0
235,22-3-2023 20:12:57:948699,paved,sudden-right-turn,-0.866765,-0.059980,-1.031931,-0.084935,0.096392,-0.020915,-52.375820,46.483375,33.391059,0
236,22-3-2023 20:12:57:996700,paved,sudden-right-turn,-0.359013,-1.018002,-2.890493,-0.060433,-0.014131,-0.011327,-52.375820,46.483375,33.391059,0
237,22-3-2023 20:12:58:44734,paved,sudden-right-turn,-3.252241,3.254778,2.531914,-0.021817,-0.038366,-0.002272,-52.375820,42.441341,34.402912,0
238,22-3-2023 20:12:58:84687,paved,sudden-right-turn,-1.412838,0.112464,0.376364,-0.055640,0.027681,-0.021714,-52.375820,42.441341,34.402912,0
239,22-3-2023 20:12:58:132684,paved,sudden-right-turn,-0.675161,-0.682695,-1.405560,-0.095055,0.005577,-0.023045,-52.375820,44.462356,35.414760,0
240,22-3-2023 20:12:58:180671,paved,sudden-right-turn,-0.962567,2.488360,1.928358,-0.057504,-0.076184,-0.012392,-52.375820,44.462356,35.414760,0
241,22-3-2023 20:12:58:220712,paved,sudden-right-turn,-1.920590,1.060906,4.208452,-0.048715,0.021023,-0.010528,-54.390277,44.462356,35.414760,0
242,22-3-2023 20:12:58:268707,paved,sudden-right-turn,-0.675161,0.687278,1.583471,-0.115295,-0.006141,-0.016121,-54.390277,44.462356,35.414760,0
243,22-3-2023 20:12:58:316658,paved,sudden-right-turn,0.062517,-0.721015,-3.992220,-0.118491,0.068695,-0.023312,-52.375820,46.483375,34.402912,0
244,22-3-2023 20:12:58:364662,paved,sudden-right-turn,-1.115851,-1.841902,-5.448414,-0.084935,-0.054878,-0.010262,-52.375820,46.483375,34.402912,0
245,22-3-2023 20:12:58:404650,paved,sudden-right-turn,-0.751802,-0.270745,-1.472620,-0.044720,-0.026382,0.007848,-48.346912,44.462356,34.402912,0
246,22-3-2023 20:12:58:452642,paved,sudden-right-turn,-2.227157,-0.232424,-0.179291,-0.035399,0.027948,-0.004136,-48.346912,44.462356,34.402912,0
247,22-3-2023 20:12:58:500629,paved,sudden-right-turn,-2.983995,0.984265,3.921045,-0.045786,0.039932,-0.011061,-48.346912,40.420326,34.402912,0
248,22-3-2023 20:12:58:540646,paved,sudden-right-turn,-2.744489,0.677697,5.051512,-0.021018,-0.002679,-0.003071,-48.346912,40.420326,34.402912,0
249,22-3-2023 20:12:58:588650,paved,sudden-right-turn,-0.703901,0.390291,2.848061,0.015468,-0.044492,-0.013191,-50.361366,46.483375,34.402912,0
250,22-3-2023 20:12:58:628615,paved,sudden-right-turn,-2.294219,-0.529411,2.752258,0.009609,-0.007739,-0.009197,-50.361366,46.483375,34.402912,0
251,22-3-2023 20:12:58:676614,paved,sudden-right-turn,-1.776886,0.179526,2.014582,0.000820,-0.076983,-0.003870,-48.346912,44.462356,33.391059,0
252,22-3-2023 20:12:58:724651,paved,sudden-right-turn,-1.652343,-0.711435,0.338043,-0.099316,-0.003745,-0.002006,-48.346912,44.462356,33.391059,0
253,22-3-2023 20:12:58:764623,paved,sudden-right-turn,-1.269134,-0.835978,-3.513208,-0.144324,0.036470,-0.006267,-50.361366,44.462356,34.402912,0
254,22-3-2023 20:12:58:812599,paved,sudden-right-turn,0.570269,0.811820,-2.124077,-0.133671,0.002647,-0.004136,-50.361366,44.462356,34.402912,0
255,22-3-2023 20:12:58:860590,paved,sudden-right-turn,0.608590,0.208266,-1.779188,-0.053243,0.019692,-0.003071,-46.332458,44.462356,35.414760,0
256,22-3-2023 20:12:58:900628,paved,sudden-right-turn,-1.728985,-1.995185,1.229002,0.002951,-0.003478,0.004386,-46.332458,44.462356,35.414760,0
257,22-3-2023 20:12:58:948623,paved,sudden-right-turn,-0.933827,-1.429952,-1.309757,-0.042057,0.007974,0.000391,-50.361366,42.441341,33.391059,0
258,22-3-2023 20:12:58:996577,paved,sudden-right-turn,-0.435655,0.409451,-1.664225,-0.091326,0.056976,-0.007332,-50.361366,42.441341,33.391059,0
259,22-3-2023 20:12:59:44619,paved,sudden-right-turn,-2.572045,1.242931,1.133202,-0.064961,0.051916,0.005984,-54.390277,44.462356,34.402912,0
260,22-3-2023 20:12:59:84563,paved,sudden-right-turn,-1.106271,0.064563,1.238581,-0.053243,-0.090032,0.007049,-54.390277,44.462356,34.402912,0
261,22-3-2023 20:12:59:132558,paved,sudden-right-turn,-2.313379,-0.088721,-3.436567,-0.098517,0.032209,0.008913,-50.361366,48.504390,34.402912,0
262,22-3-2023 20:12:59:180559,paved,sudden-right-turn,-0.857185,1.032166,-1.213955,-0.097984,-0.058074,0.003853,-50.361366,48.504390,34.402912,0
263,22-3-2023 20:12:59:220598,paved,sudden-right-turn,-0.847605,-0.050400,1.775076,-0.025545,0.030078,-0.004136,-52.375820,40.420326,35.414760,0
264,22-3-2023 20:12:59:268549,paved,sudden-right-turn,-0.176989,-1.152125,-2.459383,-0.025812,-0.022387,0.000125,-52.375820,40.420326,35.414760,0
265,22-3-2023 20:12:59:308527,paved,sudden-right-turn,-0.914666,1.013005,-1.942053,-0.099050,0.001049,-0.004935,-56.404731,44.462356,35.414760,0
266,22-3-2023 20:12:59:356527,paved,sudden-right-turn,-1.489480,1.482436,2.043322,-0.029540,0.018360,0.005717,-56.404731,44.462356,35.414760,0
267,22-3-2023 20:12:59:404521,paved,sudden-right-turn,-2.342119,-0.031239,1.037397,-0.129677,0.055112,0.000657,-52.375820,46.483375,32.379207,0
268,22-3-2023 20:12:59:444511,paved,sudden-right-turn,-0.541037,0.677697,-2.430643,-0.128611,-0.007473,-0.009463,-52.375820,46.483375,32.379207,0
269,22-3-2023 20:12:59:492511,paved,sudden-right-turn,-1.106271,1.377054,0.021894,-0.070021,-0.021322,-0.000408,-48.346912,42.441341,36.426612,0
270,22-3-2023 20:12:59:540505,paved,sudden-right-turn,-2.543304,0.945944,0.424263,-0.053509,0.057509,0.011310,-48.346912,42.441341,36.426612,0
271,22-3-2023 20:12:59:588493,paved,sudden-right-turn,1.403748,0.955524,-0.619980,-0.073749,-0.014664,-0.008398,-50.361366,42.441341,32.379207,0
272,22-3-2023 20:12:59:628492,paved,sudden-right-turn,-4.363547,0.112464,3.489935,-0.082538,0.112904,-0.007599,-50.361366,42.441341,32.379207,0
273,22-3-2023 20:12:59:676486,paved,sudden-right-turn,-0.876345,-0.596472,1.420608,-0.039660,-0.076184,-0.012659,-50.361366,46.483375,34.402912,0
274,22-3-2023 20:12:59:724474,paved,sudden-right-turn,-1.336196,-0.788077,-0.054749,-0.121953,0.034872,-0.020116,-50.361366,46.483375,34.402912,0
275,22-3-2023 20:12:59:764469,paved,sudden-right-turn,0.349923,0.179526,-2.210299,-0.140862,0.023420,-0.011593,-52.375820,44.462356,33.391059,0
276,22-3-2023 20:12:59:812465,paved,sudden-right-turn,0.388244,1.041746,-0.370895,-0.051645,-0.086304,0.005717,-52.375820,44.462356,33.391059,0
277,22-3-2023 20:12:59:852508,paved,sudden-right-turn,-1.192493,0.716018,2.349890,-0.029806,0.000517,0.022229,-48.346912,40.420326,35.414760,0
278,22-3-2023 20:12:59:904625,paved,sudden-right-turn,-0.598519,-0.500670,-1.884571,-0.046851,0.017827,0.004652,-48.346912,40.420326,35.414760,0
279,22-3-2023 20:12:59:944615,paved,sudden-right-turn,-0.770963,-0.567732,-1.606743,-0.103044,-0.043160,-0.014257,-52.375820,42.441341,33.391059,0
280,22-3-2023 20:12:59:992607,paved,sudden-right-turn,-0.349433,-0.835978,-2.143236,-0.061232,-0.011734,-0.021181,-52.375820,42.441341,33.391059,0
281,22-3-2023 20:13:0:40599,paved,sudden-right-turn,0.196640,1.444115,0.280560,-0.041525,-0.029311,-0.018251,-48.346912,44.462356,36.426612,0
282,22-3-2023 20:13:0:80594,paved,sudden-right-turn,0.302022,1.041746,1.976259,-0.028209,0.018360,-0.007865,-48.346912,44.462356,36.426612,0
283,22-3-2023 20:13:0:128589,paved,sudden-right-turn,-0.924246,1.223770,2.991764,-0.026344,0.027149,-0.004403,-50.361366,46.483375,34.402912,0
284,22-3-2023 20:13:0:168599,paved,sudden-right-turn,-2.543304,0.361550,1.573891,-0.036731,-0.015995,-0.002539,-50.361366,46.483375,34.402912,0
285,22-3-2023 20:13:0:224578,paved,sudden-right-turn,-1.412838,-0.395288,-2.315681,-0.077744,-0.001081,-0.007599,-50.361366,46.483375,34.402912,0
286,22-3-2023 20:13:0:264571,paved,sudden-right-turn,0.656491,-0.749756,-3.082100,-0.094522,-0.050084,-0.030502,-50.361366,46.483375,34.402912,0
287,22-3-2023 20:13:0:312568,paved,sudden-right-turn,-0.224890,-0.222844,-2.315681,-0.069222,-0.015463,-0.033165,-48.346912,44.462356,36.426612,0
288,22-3-2023 20:13:0:352605,paved,sudden-right-turn,1.116341,1.223770,-0.926548,-0.039927,-0.022653,-0.024110,-48.346912,44.462356,36.426612,0
289,22-3-2023 20:13:0:405114,paved,sudden-right-turn,-0.761383,0.878882,-1.702547,-0.100115,0.021556,-0.013458,-54.390277,42.441341,35.414760,0
290,22-3-2023 20:13:0:445116,paved,sudden-right-turn,-0.924246,1.961447,1.276905,-0.109702,-0.033572,-0.020648,-54.390277,42.441341,35.414760,0
291,22-3-2023 20:13:0:493107,paved,sudden-right-turn,-3.070217,1.645300,5.003611,-0.088930,0.048987,-0.021447,-54.390277,44.462356,35.414760,0
292,22-3-2023 20:13:0:533124,paved,sudden-right-turn,-0.770963,0.476513,0.136856,-0.048449,-0.019191,-0.004935,-54.390277,44.462356,35.414760,0
293,22-3-2023 20:13:0:581144,paved,sudden-right-turn,-0.023705,0.763919,0.558386,-0.044188,0.013833,-0.010262,-50.361366,46.483375,33.391059,0
294,22-3-2023 20:13:0:629090,paved,sudden-right-turn,-0.330273,0.284908,2.436110,0.005348,0.022888,-0.016387,-50.361366,46.483375,33.391059,0
295,22-3-2023 20:13:0:669083,paved,sudden-right-turn,-0.981728,2.315916,3.010923,0.000288,-0.015463,-0.013990,-52.375820,50.525409,32.379207,0
296,22-3-2023 20:13:0:717077,paved,sudden-right-turn,-0.972148,0.562735,0.251820,-0.075347,0.039932,-0.011860,-52.375820,50.525409,32.379207,0
297,22-3-2023 20:13:0:765069,paved,sudden-right-turn,-1.087110,1.501597,2.713938,-0.087864,-0.014397,-0.013990,-48.346912,42.441341,35.414760,0
298,22-3-2023 20:13:0:805071,paved,sudden-right-turn,-2.734909,-2.320913,-0.064327,-0.073749,0.022888,-0.004403,-48.346912,42.441341,35.414760,0
299,22-3-2023 20:13:0:903384,paved,sudden-right-turn,-0.713481,-2.014346,-1.903730,-0.039128,-0.075651,-0.004669,-54.390277,46.483375,35.414760,1
300,22-3-2023 20:13:0:951342,paved,sudden-right-turn,-1.106271,0.716018,-1.788769,-0.134204,0.075353,-0.035296,-54.390277,46.483375,35.414760,1
301,22-3-2023 20:13:0:999326,paved,sudden-right-turn,0.311603,0.658537,-1.290596,-0.122752,-0.043426,-0.034231,-52.375820,46.483375,37.438465,1
302,22-3-2023 20:13:1:39365,paved,sudden-right-turn,-0.387754,2.028509,0.223080,-0.114230,0.024219,-0.024643,-52.375820,46.483375,37.438465,1
303,22-3-2023 20:13:1:87360,paved,sudden-right-turn,-0.684741,1.884806,-0.725363,-0.071619,-0.059672,-0.023045,-54.390277,44.462356,37.438465,1
304,22-3-2023 20:13:1:127318,paved,sudden-right-turn,-1.106271,2.411718,1.593052,-0.051645,0.035937,-0.011860,-54.390277,44.462356,37.438465,1
305,22-3-2023 20:13:1:175306,paved,sudden-right-turn,-0.569778,-0.625213,1.487669,-0.069488,0.027948,-0.003604,-50.361366,42.441341,35.414760,1
306,22-3-2023 20:13:1:223341,paved,sudden-right-turn,-1.269134,0.514834,2.330729,-0.039394,0.030344,-0.008131,-50.361366,42.441341,35.414760,1
307,22-3-2023 20:13:1:263338,paved,sudden-right-turn,-1.441579,-1.238348,0.031475,-0.061499,0.057509,-0.022779,-52.375820,44.462356,36.426612,1
308,22-3-2023 20:13:1:311332,paved,sudden-right-turn,-2.073873,-1.611976,-0.830746,-0.094522,0.024485,-0.029703,-52.375820,44.462356,36.426612,1
309,22-3-2023 20:13:1:359276,paved,sudden-right-turn,1.020539,-0.500670,0.424263,-0.072151,-0.069259,-0.021447,-52.375820,44.462356,34.402912,1
310,22-3-2023 20:13:1:399321,paved,sudden-right-turn,-0.042866,1.942287,-3.062939,-0.096653,-0.025050,-0.025442,-52.375820,44.462356,34.402912,1
311,22-3-2023 20:13:1:447315,paved,sudden-right-turn,-1.182912,1.338733,1.602632,-0.079875,-0.033306,-0.006800,-54.390277,44.462356,33.391059,1
312,22-3-2023 20:13:1:495287,paved,sudden-right-turn,0.005035,0.016662,1.430187,-0.071086,-0.017859,-0.028372,-54.390277,44.462356,33.391059,1
313,22-3-2023 20:13:1:543253,paved,sudden-right-turn,-1.125431,-1.343730,2.004999,-0.040459,0.060439,-0.033432,-54.390277,42.441341,35.414760,1
314,22-3-2023 20:13:1:583261,paved,sudden-right-turn,-1.604442,0.304069,1.880459,-0.025279,-0.013865,-0.021980,-54.390277,42.441341,35.414760,1
315,22-3-2023 20:13:1:631256,paved,sudden-right-turn,-1.288295,-1.420372,-0.706202,-0.006104,-0.043693,-0.020648,-50.361366,44.462356,35.414760,1
316,22-3-2023 20:13:1:679258,paved,sudden-right-turn,-0.885926,-0.347387,-2.296520,-0.041525,0.051916,-0.028638,-50.361366,44.462356,35.414760,1
317,22-3-2023 20:13:1:719241,paved,sudden-right-turn,0.081677,1.587819,-2.258200,-0.055107,0.028214,-0.036361,-52.375820,40.420326,34.402912,1
318,22-3-2023 20:13:1:767240,paved,sudden-right-turn,-0.033286,1.808164,0.117697,-0.093457,0.064700,-0.040622,-52.375820,40.420326,34.402912,1
319,22-3-2023 20:13:1:807228,paved,sudden-right-turn,-0.483556,-0.807237,0.567966,-0.103044,0.076152,-0.065656,-54.390277,40.420326,37.438465,1
320,22-3-2023 20:13:1:855217,paved,sudden-right-turn,-0.234470,-0.682695,1.861296,-0.059368,-0.053280,-0.073646,-54.390277,40.420326,37.438465,1
321,22-3-2023 20:13:1:903214,paved,sudden-right-turn,-0.493136,-1.928124,-1.395979,-0.064162,-0.023985,-0.102409,-52.375820,50.525409,34.402912,1
322,22-3-2023 20:13:1:943204,paved,sudden-right-turn,-0.646420,-1.228767,0.529646,-0.085201,0.025018,-0.110665,-52.375820,50.525409,34.402912,1
323,22-3-2023 20:13:1:991202,paved,sudden-right-turn,0.158319,0.907623,-0.217611,-0.051911,-0.025316,-0.116257,-54.390277,42.441341,35.414760,1
324,22-3-2023 20:13:2:39191,paved,sudden-right-turn,1.547451,-0.558152,0.347622,-0.027143,-0.082309,-0.120518,-54.390277,42.441341,35.414760,1
325,22-3-2023 20:13:2:87182,paved,sudden-right-turn,0.263701,-1.286249,-1.568424,-0.118225,0.012501,-0.167923,-58.419185,46.483375,35.414760,1
326,22-3-2023 20:13:2:127181,paved,sudden-right-turn,0.848095,-1.458693,-2.191137,-0.131541,-0.013598,-0.195621,-58.419185,46.483375,35.414760,1
327,22-3-2023 20:13:2:175224,paved,sudden-right-turn,1.346267,1.482436,-1.894152,-0.067624,-0.041029,-0.204143,-54.390277,46.483375,35.414760,1
328,22-3-2023 20:13:2:223177,paved,sudden-right-turn,2.131845,-0.730596,2.570234,-0.013827,-0.037035,-0.224117,-54.390277,46.483375,35.414760,1
329,22-3-2023 20:13:2:263213,paved,sudden-right-turn,0.924737,-0.088721,2.761837,0.006413,0.064167,-0.252347,-52.375820,42.441341,36.426612,1
330,22-3-2023 20:13:2:311174,paved,sudden-right-turn,0.187060,-1.497014,1.727175,0.006413,0.065765,-0.257673,-52.375820,42.441341,36.426612,1
331,22-3-2023 20:13:2:359158,paved,sudden-right-turn,2.859942,-1.142545,-1.855831,-0.054042,0.020224,-0.267261,-52.375820,44.462356,35.414760,1
332,22-3-2023 20:13:2:399160,paved,sudden-right-turn,1.566612,0.476513,0.395523,-0.118757,0.032741,-0.311736,-52.375820,44.462356,35.414760,1
333,22-3-2023 20:13:2:447189,paved,sudden-right-turn,1.796537,0.696858,2.254086,-0.056172,0.020224,-0.351418,-58.419185,46.483375,33.391059,1
334,22-3-2023 20:13:2:487147,paved,sudden-right-turn,2.170166,-1.976025,-0.236771,0.013337,-0.044492,-0.388436,-58.419185,46.483375,33.391059,1
335,22-3-2023 20:13:2:535143,paved,sudden-right-turn,1.614513,-1.813161,-0.418797,0.051688,-0.009337,-0.369261,-58.419185,46.483375,33.391059,1
336,22-3-2023 20:13:2:583143,paved,sudden-right-turn,1.269625,-0.289905,-2.440224,-0.014626,0.072689,-0.384708,-58.419185,46.483375,33.391059,1
337,22-3-2023 20:13:2:631168,paved,sudden-right-turn,3.559299,0.850141,-0.572081,-0.036464,0.007441,-0.394562,-56.404731,50.525409,33.391059,1
338,22-3-2023 20:13:2:671163,paved,sudden-right-turn,1.489970,-1.583236,-1.367239,-0.086266,-0.019191,-0.441967,-56.404731,50.525409,33.391059,1
339,22-3-2023 20:13:2:719149,paved,sudden-right-turn,1.930661,2.105151,-2.756371,-0.128878,0.023953,-0.480850,-56.404731,48.504390,32.379207,1
340,22-3-2023 20:13:2:767150,paved,sudden-right-turn,3.865866,2.028509,-0.073908,-0.123551,0.015431,-0.536510,-56.404731,48.504390,32.379207,1
341,22-3-2023 20:13:2:807144,paved,sudden-right-turn,4.162853,-1.688618,4.074329,-0.057504,-0.137704,-0.524792,-62.448093,46.483375,35.414760,1
342,22-3-2023 20:13:2:855139,paved,sudden-right-turn,2.074364,-1.937704,-0.706202,-0.103843,-0.047954,-0.530651,-62.448093,46.483375,35.414760,1
343,22-3-2023 20:13:2:903097,paved,sudden-right-turn,1.240884,-0.596472,-0.907387,-0.096386,0.032209,-0.515205,-56.404731,48.504390,35.414760,1
344,22-3-2023 20:13:2:943128,paved,sudden-right-turn,5.140036,0.878882,1.046978,-0.064961,0.052715,-0.548229,-56.404731,48.504390,35.414760,1
345,22-3-2023 20:13:2:991090,paved,sudden-right-turn,4.526901,0.763919,2.886381,-0.101447,0.055379,-0.582584,-58.419185,48.504390,33.391059,1
346,22-3-2023 20:13:3:39071,paved,sudden-right-turn,5.025073,-2.186790,-0.773264,-0.093990,0.026350,-0.630255,-58.419185,48.504390,33.391059,1
347,22-3-2023 20:13:3:79071,paved,sudden-right-turn,2.237228,-1.190446,-1.338497,-0.059634,0.008506,-0.652892,-60.433639,52.546424,33.391059,1
348,22-3-2023 20:13:3:127060,paved,sudden-right-turn,3.635941,-0.883879,1.248161,-0.020485,0.030611,-0.676595,-60.433639,52.546424,33.391059,1
349,22-3-2023 20:13:3:167072,paved,sudden-right-turn,2.639597,-1.334150,1.439768,-0.035665,0.088669,-0.669671,-62.448093,54.567440,34.402912,1
350,22-3-2023 20:13:3:215057,paved,sudden-right-turn,5.619047,-0.989262,0.702089,-0.072950,0.002647,-0.671002,-62.448093,54.567440,34.402912,1
351,22-3-2023 20:13:3:263055,paved,sudden-right-turn,1.786957,0.620216,2.129543,-0.009832,0.124089,-0.703227,-62.448093,56.588455,34.402912,1
352,22-3-2023 20:13:3:303036,paved,sudden-right-turn,3.904187,0.179526,2.991764,-0.003973,0.072157,-0.727462,-62.448093,56.588455,34.402912,1
353,22-3-2023 20:13:3:351076,paved,sudden-right-turn,5.063394,-2.426295,-2.564766,0.033844,-0.058606,-0.713613,-60.433639,60.630485,34.402912,1
354,22-3-2023 20:13:3:399022,paved,sudden-right-turn,4.086211,-3.518441,-1.779188,0.003750,0.039666,-0.694172,-60.433639,60.630485,34.402912,1
355,22-3-2023 20:13:3:447072,paved,sudden-right-turn,3.051547,0.409451,-0.035587,-0.014094,0.065232,-0.695237,-68.491455,58.609470,33.391059,1
356,22-3-2023 20:13:3:487014,paved,sudden-right-turn,3.837125,-0.289905,1.008657,0.019196,0.071890,-0.696835,-68.491455,58.609470,33.391059,1
357,22-3-2023 20:13:3:535004,paved,sudden-right-turn,3.635941,-1.295829,1.161942,-0.008501,0.055112,-0.721070,-66.476997,60.630485,34.402912,1
358,22-3-2023 20:13:3:583052,paved,sudden-right-turn,4.067050,-0.098301,-2.114496,-0.089196,0.202654,-0.758621,-66.476997,60.630485,34.402912,1
359,22-3-2023 20:13:3:625077,paved,sudden-right-turn,4.871789,-1.726939,-0.064327,-0.067358,0.065765,-0.766877,-68.491455,62.651504,36.426612,1
360,22-3-2023 20:13:3:673144,paved,sudden-right-turn,3.712583,-2.962788,-0.179291,-0.060433,0.119295,-0.766078,-68.491455,62.651504,36.426612,1
361,22-3-2023 20:13:3:713084,paved,sudden-right-turn,2.591696,-1.736519,-0.102650,-0.038595,0.018893,-0.747969,-66.476997,66.693534,34.402912,1
362,22-3-2023 20:13:3:761132,paved,sudden-right-turn,3.588039,-0.768916,0.270979,-0.055906,0.084407,-0.758355,-66.476997,66.693534,34.402912,1
363,22-3-2023 20:13:3:801127,paved,sudden-right-turn,4.076631,-0.615633,0.347622,-0.071619,0.107311,-0.776465,-68.491455,68.714553,34.402912,1
364,22-3-2023 20:13:3:849125,paved,sudden-right-turn,5.053814,-1.314989,-1.281017,-0.068423,0.025284,-0.802564,-68.491455,68.714553,34.402912,1
365,22-3-2023 20:13:3:897112,paved,sudden-right-turn,3.156929,-2.033506,-2.181559,-0.092125,0.040198,-0.802298,-70.505912,70.735572,35.414760,1
366,22-3-2023 20:13:3:937102,paved,sudden-right-turn,4.593963,0.016662,0.424263,-0.058303,-0.064998,-0.785520,-70.505912,70.735572,35.414760,1
367,22-3-2023 20:13:3:993051,paved,sudden-right-turn,4.967592,-2.943627,0.769152,-0.046851,0.048987,-0.767410,-66.476997,72.756584,34.402912,1
368,22-3-2023 20:13:4:33046,paved,sudden-right-turn,3.310213,-1.602396,-1.865410,-0.062298,0.044992,-0.753561,-66.476997,72.756584,34.402912,1
369,22-3-2023 20:13:4:81082,paved,sudden-right-turn,4.823888,0.543574,0.932014,-0.075614,0.123290,-0.765279,-68.491455,74.777603,33.391059,1
370,22-3-2023 20:13:4:121055,paved,sudden-right-turn,4.603543,-0.424028,0.893694,-0.040459,0.116366,-0.790047,-68.491455,74.777603,33.391059,1
371,22-3-2023 20:13:4:169041,paved,sudden-right-turn,4.488580,-2.071827,-1.951632,-0.028741,0.130747,-0.802564,-68.491455,74.777603,35.414760,1
372,22-3-2023 20:13:4:218018,paved,sudden-right-turn,3.453916,-2.004766,-2.880915,-0.009566,0.078016,-0.799368,-68.491455,74.777603,35.414760,1
373,22-3-2023 20:13:4:258073,paved,sudden-right-turn,3.434756,-1.535335,-1.338497,-0.052710,0.092663,-0.789781,-64.462547,76.798622,34.402912,1
374,22-3-2023 20:13:4:306061,paved,sudden-right-turn,4.450260,-1.822741,1.688852,-0.011164,0.035138,-0.780992,-64.462547,76.798622,34.402912,1
375,22-3-2023 20:13:4:346035,paved,sudden-right-turn,5.025073,-1.698198,-0.888227,-0.035399,0.079880,-0.781259,-64.462547,76.798622,33.391059,1
376,22-3-2023 20:13:4:394024,paved,sudden-right-turn,3.885026,-0.500670,0.261400,-0.084136,0.186408,-0.806293,-64.462547,76.798622,33.391059,1
377,22-3-2023 20:13:4:442050,paved,sudden-right-turn,3.147349,-0.012079,0.845795,-0.032203,0.150721,-0.815348,-70.505912,80.840652,33.391059,1
378,22-3-2023 20:13:4:482010,paved,sudden-right-turn,3.885026,-0.768916,2.685198,-0.022616,0.076152,-0.818277,-70.505912,80.840652,33.391059,1
379,22-3-2023 20:13:4:530040,paved,sudden-right-turn,4.421519,-2.033506,-2.603086,-0.078809,0.071624,-0.826533,-66.476997,84.882682,34.402912,1
380,22-3-2023 20:13:4:578035,paved,sudden-right-turn,4.019150,0.419031,1.832556,-0.101979,0.139269,-0.829463,-66.476997,84.882682,34.402912,1
381,22-3-2023 20:13:4:625998,paved,sudden-right-turn,3.999989,-3.250195,2.301987,-0.079076,0.013300,-0.831593,-68.491455,84.882682,35.414760,1
382,22-3-2023 20:13:4:666025,paved,sudden-right-turn,4.546062,-4.074094,-2.258200,-0.083603,0.001049,-0.848904,-68.491455,84.882682,35.414760,1
383,22-3-2023 20:13:4:713978,paved,sudden-right-turn,3.703002,-1.410792,0.711670,-0.039394,-0.043693,-0.863285,-66.476997,90.945732,33.391059,1
384,22-3-2023 20:13:4:761979,paved,sudden-right-turn,6.529168,-0.356967,0.539227,-0.006104,-0.007473,-0.888053,-66.476997,90.945732,33.391059,1
385,22-3-2023 20:13:4:801965,paved,sudden-right-turn,6.136379,-1.707778,-0.543339,-0.005039,0.030344,-0.887787,-66.476997,90.945732,34.402912,1
386,22-3-2023 20:13:4:849972,paved,sudden-right-turn,5.829812,-1.573655,-1.568424,-0.044188,0.090267,-0.882194,-66.476997,90.945732,34.402912,1
387,22-3-2023 20:13:4:897951,paved,sudden-right-turn,7.199784,-2.886146,-0.026007,-0.042590,0.218899,-0.894445,-66.476997,92.966751,34.402912,1
388,22-3-2023 20:13:4:937957,paved,sudden-right-turn,5.954355,-2.081408,-0.552919,-0.052976,0.306252,-0.920278,-66.476997,92.966751,34.402912,1
389,22-3-2023 20:13:4:985986,paved,sudden-right-turn,5.456183,1.492017,-1.175634,-0.045786,0.280153,-0.941850,-62.448093,94.987770,34.402912,1
390,22-3-2023 20:13:5:25941,paved,sudden-right-turn,3.827545,-1.803581,-2.124077,-0.077478,0.113969,-0.988722,-62.448093,94.987770,34.402912,1
391,22-3-2023 20:13:5:73935,paved,sudden-right-turn,4.124532,-2.033506,0.117697,-0.121953,0.055645,-1.034529,-62.448093,94.987770,34.402912,1
392,22-3-2023 20:13:5:121929,paved,sudden-right-turn,2.927004,-1.525754,1.506828,-0.152047,-0.044492,-1.059031,-62.448093,94.987770,34.402912,1
393,22-3-2023 20:13:5:169947,paved,sudden-right-turn,4.613123,-2.512517,0.213499,-0.143259,-0.053813,-1.031333,-56.404731,99.029800,34.402912,1
394,22-3-2023 20:13:5:209956,paved,sudden-right-turn,7.084822,-1.228767,2.598974,-0.123817,-0.039964,-0.997511,-56.404731,99.029800,34.402912,1
395,22-3-2023 20:13:5:257951,paved,sudden-right-turn,6.883637,-1.832321,1.851715,-0.096120,0.015164,-0.953302,-58.419185,97.008781,34.402912,1
396,22-3-2023 20:13:5:307556,paved,sudden-right-turn,6.739933,-2.435876,-1.530102,-0.108637,0.150988,-0.931197,-58.419185,97.008781,34.402912,1
397,22-3-2023 20:13:5:348943,paved,sudden-right-turn,5.437023,-0.644374,-0.926548,-0.050579,0.178685,-0.935724,-54.390277,105.092849,38.450313,1
398,22-3-2023 20:13:5:396976,paved,sudden-right-turn,6.107638,-4.093254,0.778730,0.037040,0.178951,-0.998310,-54.390277,105.092849,38.450313,1
399,22-3-2023 20:13:5:436974,paved,sudden-right-turn,5.302899,-2.675381,-1.702547,0.032246,0.178951,-1.040655,-52.375820,107.113868,35.414760,1
400,22-3-2023 20:13:5:484930,paved,sudden-right-turn,3.827545,-0.462349,-1.070251,0.002152,0.125154,-1.049443,-52.375820,107.113868,35.414760,1
401,22-3-2023 20:13:5:532912,paved,sudden-right-turn,4.938851,-2.340073,-0.284674,-0.044987,0.051650,-1.039856,-48.346912,105.092849,35.414760,1
402,22-3-2023 20:13:5:572955,paved,sudden-right-turn,5.082554,-1.621556,-0.437956,-0.065493,0.087071,-1.012425,-48.346912,105.092849,35.414760,1
403,22-3-2023 20:13:5:620951,paved,sudden-right-turn,5.551986,-1.573655,-0.351734,-0.103311,0.029546,-0.984994,-50.361366,109.134880,34.402912,1
404,22-3-2023 20:13:5:660944,paved,sudden-right-turn,5.523245,-0.950941,2.004999,-0.059368,0.038334,-0.977803,-50.361366,109.134880,34.402912,1
405,22-3-2023 20:13:5:708938,paved,sudden-right-turn,5.053814,-1.985605,-1.070251,-0.064694,0.122758,-0.973542,-46.332458,109.134880,33.391059,1
406,22-3-2023 20:13:5:756904,paved,sudden-right-turn,3.722162,-1.765260,1.363125,-0.027410,0.137139,-0.931197,-46.332458,109.134880,33.391059,1
407,22-3-2023 20:13:5:804889,paved,sudden-right-turn,2.438412,-1.736519,1.363125,0.022126,0.163505,-0.859290,-40.289089,113.176918,35.414760,1
408,22-3-2023 20:13:5:852877,paved,sudden-right-turn,1.681575,-3.087331,-1.252275,0.017066,0.207447,-0.788449,-40.289089,113.176918,35.414760,1
409,22-3-2023 20:13:5:892878,paved,sudden-right-turn,1.595353,-1.717359,0.079376,0.026920,0.219432,-0.720804,-44.318004,113.176918,34.402912,1
410,22-3-2023 20:13:5:940911,paved,sudden-right-turn,1.729476,-1.219187,-1.156473,0.017865,0.237009,-0.673932,-44.318004,113.176918,34.402912,1
411,22-3-2023 20:13:5:980864,paved,sudden-right-turn,1.269625,-0.433609,-2.794693,-0.020485,0.239406,-0.626260,-40.289089,109.134880,34.402912,1
412,22-3-2023 20:13:6:28865,paved,sudden-right-turn,0.100838,-2.704122,0.491325,-0.044188,0.219432,-0.570333,-40.289089,109.134880,34.402912,1
413,22-3-2023 20:13:6:76860,paved,sudden-right-turn,-2.342119,-1.420372,-0.112228,-0.065493,0.156314,-0.497095,-36.260181,113.176918,34.402912,1
414,22-3-2023 20:13:6:116853,paved,sudden-right-turn,-0.943407,-1.592816,-1.673805,-0.071352,0.116100,-0.429716,-36.260181,113.176918,34.402912,1
415,22-3-2023 20:13:6:164835,paved,sudden-right-turn,-0.397334,-3.144812,-0.821165,-0.114763,0.089468,-0.377517,-34.245727,117.218948,33.391059,1
416,22-3-2023 20:13:6:212835,paved,sudden-right-turn,-0.885926,-1.104224,1.497248,-0.109170,0.027681,-0.324253,-34.245727,117.218948,33.391059,1
417,22-3-2023 20:13:6:260834,paved,sudden-right-turn,0.263701,-1.113805,0.318880,-0.087598,0.014365,-0.295491,-34.245727,117.218948,35.414760,1
418,22-3-2023 20:13:6:300875,paved,sudden-right-turn,-0.512297,-3.307676,-0.160130,-0.077211,0.080146,-0.264331,-34.245727,117.218948,35.414760,1
419,22-3-2023 20:13:6:348814,paved,sudden-right-turn,-1.259554,-1.286249,-0.073908,-0.037263,0.049520,-0.217992,-34.245727,121.260986,34.402912,1
420,22-3-2023 20:13:6:396809,paved,sudden-right-turn,-0.617679,-2.071827,-0.715784,-0.022083,0.072689,-0.167923,-34.245727,121.260986,34.402912,1
421,22-3-2023 20:13:6:438902,paved,sudden-right-turn,-1.575701,-0.644374,-1.721706,-0.012229,0.060971,-0.140226,-34.245727,119.239959,32.379207,1
422,22-3-2023 20:13:6:486907,paved,sudden-right-turn,-0.502717,-1.132965,-1.185215,-0.016757,0.034606,-0.118122,-34.245727,119.239959,32.379207,1
423,22-3-2023 20:13:6:526952,paved,sudden-right-turn,-1.125431,-0.874299,-1.578003,-0.036997,0.033008,-0.113594,-32.231273,119.239959,33.391059,1
424,22-3-2023 20:13:6:574902,paved,sudden-right-turn,-1.566121,-1.056323,-0.629562,-0.087598,0.022089,-0.094685,-32.231273,119.239959,33.391059,1
425,22-3-2023 20:13:6:614893,paved,sudden-right-turn,-0.272791,-2.359234,-0.380474,-0.093457,-0.017327,-0.077375,-32.231273,121.260986,33.391059,1
426,22-3-2023 20:13:6:662885,paved,sudden-right-turn,-1.115851,-0.213264,0.682930,-0.127013,0.019425,-0.057134,-32.231273,121.260986,33.391059,1
427,22-3-2023 20:13:6:710879,paved,sudden-right-turn,-1.700245,-1.592816,-0.351734,-0.115828,-0.014397,-0.051009,-28.202363,117.218948,32.379207,1
428,22-3-2023 20:13:6:750873,paved,sudden-right-turn,-0.694321,-1.717359,-1.146893,-0.137666,-0.017593,-0.061928,-28.202363,117.218948,32.379207,1
429,22-3-2023 20:13:6:798867,paved,sudden-right-turn,-1.431998,-0.912620,0.577547,-0.063096,-0.005875,-0.062194,-36.260181,119.239959,32.379207,1
430,22-3-2023 20:13:6:846909,paved,sudden-right-turn,0.005035,-0.663534,-0.619980,-0.072684,-0.053546,-0.055803,-36.260181,119.239959,32.379207,1
431,22-3-2023 20:13:6:894908,paved,sudden-right-turn,-0.512297,-1.094644,0.932014,-0.065227,-0.034371,-0.045949,-32.231273,117.218948,37.438465,1
432,22-3-2023 20:13:6:934864,paved,sudden-right-turn,-2.025972,-1.008422,-0.035587,-0.096386,0.047922,-0.018251,-32.231273,117.218948,37.438465,1
433,22-3-2023 20:13:6:982863,paved,sudden-right-turn,0.225381,-2.110148,1.104460,-0.100381,-0.063667,-0.010794,-30.216819,119.239959,35.414760,1
434,22-3-2023 20:13:7:30888,paved,sudden-right-turn,-1.096690,-2.320913,-1.712128,-0.096653,0.079347,-0.015855,-30.216819,119.239959,35.414760,1
435,22-3-2023 20:13:7:70847,paved,sudden-right-turn,-0.933827,-2.359234,0.520067,-0.064961,-0.001081,-0.028372,-34.245727,117.218948,33.391059,1
436,22-3-2023 20:13:7:118877,paved,sudden-right-turn,0.091257,-3.068171,-0.706202,-0.051378,0.026350,-0.028904,-34.245727,117.218948,33.391059,1
437,22-3-2023 20:13:7:166844,paved,sudden-right-turn,-1.776886,-1.851482,0.673349,-0.014094,0.048188,-0.015322,-28.202363,119.239959,33.391059,1
438,22-3-2023 20:13:7:206871,paved,sudden-right-turn,-0.541037,-1.698198,-0.811586,-0.029540,-0.022121,-0.001740,-28.202363,119.239959,33.391059,1
439,22-3-2023 20:13:7:254852,paved,sudden-right-turn,-2.916933,-1.200027,2.953444,-0.065493,0.088669,-0.013458,-34.245727,119.239959,34.402912,1
440,22-3-2023 20:13:7:294856,paved,sudden-right-turn,-0.885926,-1.679038,-2.593508,-0.080674,0.010104,-0.028638,-34.245727,119.239959,34.402912,1
441,22-3-2023 20:13:7:390795,paved,sudden-right-turn,-0.541037,-1.228767,-1.865410,-0.132073,0.011436,-0.039823,-30.216819,117.218948,33.391059,1
442,22-3-2023 20:13:7:406803,paved,sudden-right-turn,-1.173332,-1.458693,-1.395979,-0.094522,0.025018,-0.027306,-30.216819,117.218948,33.391059,1
443,22-3-2023 20:13:7:486833,paved,sudden-right-turn,-0.617679,-2.761603,0.721251,-0.037263,-0.024784,0.001190,-28.202363,123.281990,34.402912,0
444,22-3-2023 20:13:7:534838,paved,sudden-right-turn,-0.866765,-1.123385,-1.137314,-0.134470,0.055112,-0.006001,-28.202363,123.281990,34.402912,0
445,22-3-2023 20:13:7:574779,paved,sudden-right-turn,-1.010468,-1.985605,-1.549263,-0.106773,0.049520,-0.017719,-26.187910,117.218948,31.367361,0
446,22-3-2023 20:13:7:622827,paved,sudden-right-turn,-1.192493,-2.177209,2.100803,-0.050846,0.054047,-0.019583,-26.187910,117.218948,31.367361,0
447,22-3-2023 20:13:7:670770,paved,sudden-right-turn,-0.732642,-2.502937,-1.817509,-0.033002,0.086005,-0.008131,-26.187910,121.260986,33.391059,0
448,22-3-2023 20:13:7:710815,paved,sudden-right-turn,-2.160095,-2.953208,-1.482203,-0.022083,0.030344,0.009978,-26.187910,121.260986,33.391059,0
449,22-3-2023 20:13:7:758755,paved,sudden-right-turn,-1.853528,-0.222844,0.184757,-0.060966,-0.021588,0.028355,-28.202363,119.239959,32.379207,0
450,22-3-2023 20:13:7:798748,paved,sudden-right-turn,-1.728985,-1.113805,-1.692966,-0.100648,-0.008272,0.024626,-28.202363,119.239959,32.379207,0
451,22-3-2023 20:13:7:854736,paved,sudden-right-turn,-3.501327,-0.788077,-0.198452,-0.084136,0.001582,0.017169,-30.216819,119.239959,34.402912,0
452,22-3-2023 20:13:7:894731,paved,sudden-right-turn,-0.426075,-3.144812,-0.524179,-0.070021,-0.074852,0.028355,-30.216819,119.239959,34.402912,0
453,22-3-2023 20:13:7:942731,paved,sudden-right-turn,-1.422418,-1.592816,0.529646,-0.092392,0.040465,0.032083,-30.216819,119.239959,33.391059,0
454,22-3-2023 20:13:7:982723,paved,sudden-right-turn,-0.100347,-1.238348,-2.938396,-0.153379,-0.047421,0.039007,-30.216819,119.239959,33.391059,0
455,22-3-2023 20:13:8:30716,paved,sudden-right-turn,-1.594862,-0.567732,2.072063,-0.126214,0.029812,0.039540,-30.216819,115.197921,33.391059,0
456,22-3-2023 20:13:8:78708,paved,sudden-right-turn,-2.054713,-1.861062,-0.715784,-0.100115,-0.035703,0.017435,-30.216819,115.197921,33.391059,0
457,22-3-2023 20:13:8:118743,paved,sudden-right-turn,-1.527801,-2.646641,-0.265512,-0.093457,0.030611,0.007582,-28.202363,119.239959,34.402912,0
458,22-3-2023 20:13:8:166699,paved,sudden-right-turn,-1.566121,-1.794001,-1.386398,-0.051378,-0.045823,0.020898,-28.202363,119.239959,34.402912,0
459,22-3-2023 20:13:8:214710,paved,sudden-right-turn,-0.119508,-1.832321,0.644609,-0.029007,-0.057541,0.028355,-26.187910,123.281990,32.379207,0
460,22-3-2023 20:13:8:254736,paved,sudden-right-turn,-1.537381,-1.889803,-0.495438,-0.059634,0.011169,0.040605,-26.187910,123.281990,32.379207,0
461,22-3-2023 20:13:8:302737,paved,sudden-right-turn,-2.303799,-3.202294,-0.188871,-0.090261,0.047655,0.029420,-30.216819,123.281990,33.391059,0
462,22-3-2023 20:13:8:350688,paved,sudden-right-turn,-1.451159,0.457352,0.893694,-0.026344,-0.079912,0.020898,-30.216819,123.281990,33.391059,0
463,22-3-2023 20:13:8:398669,paved,sudden-right-turn,-1.920590,-1.152125,-2.162397,-0.020219,-0.064732,0.021697,-30.216819,115.197921,34.402912,0
464,22-3-2023 20:13:8:438712,paved,sudden-right-turn,-1.614022,0.572315,0.625448,-0.015691,-0.119327,0.026490,-30.216819,115.197921,34.402912,0
465,22-3-2023 20:13:8:486689,paved,sudden-right-turn,0.781033,-2.158049,-3.896418,-0.060966,-0.132111,0.029686,-28.202363,121.260986,33.391059,0
466,22-3-2023 20:13:8:534670,paved,sudden-right-turn,-0.435655,-2.119728,-2.880915,-0.100115,-0.029844,0.030485,-28.202363,121.260986,33.391059,0
467,22-3-2023 20:13:8:579715,paved,sudden-right-turn,1.192983,-0.184523,-0.102650,-0.068689,-0.085771,0.008381,-30.216819,115.197921,35.414760,0
468,22-3-2023 20:13:8:619739,paved,sudden-right-turn,-1.288295,-0.586892,-0.198452,-0.066559,0.058308,0.002522,-30.216819,115.197921,35.414760,0
469,22-3-2023 20:13:8:667739,paved,sudden-right-turn,-0.780543,-2.244271,0.290140,-0.048449,-0.031442,0.017702,-30.216819,117.218948,32.379207,0
470,22-3-2023 20:13:8:715715,paved,sudden-right-turn,-0.473976,-0.749756,-0.897808,-0.044454,-0.019191,0.005984,-30.216819,117.218948,32.379207,0
471,22-3-2023 20:13:8:755714,paved,sudden-right-turn,-1.690664,-2.148469,0.778730,-0.040193,0.082810,0.009712,-30.216819,115.197921,35.414760,0
472,22-3-2023 20:13:8:803751,paved,sudden-right-turn,-1.345776,-1.439532,-2.957556,-0.094522,0.014365,0.006516,-30.216819,115.197921,35.414760,0
473,22-3-2023 20:13:8:843715,paved,sudden-right-turn,-0.895506,-1.468273,-1.003189,-0.095854,-0.112669,0.012908,-30.216819,117.218948,31.367361,0
474,22-3-2023 20:13:8:891737,paved,sudden-right-turn,-3.079797,-0.807237,-2.842592,-0.174152,0.022621,0.017702,-30.216819,117.218948,31.367361,0
475,22-3-2023 20:13:8:939729,paved,sudden-right-turn,-0.138668,-1.995185,-0.169710,-0.088131,-0.166466,0.032882,-28.202363,117.218948,32.379207,0
476,22-3-2023 20:13:8:987687,paved,sudden-right-turn,0.254121,-3.240614,0.453003,-0.134737,0.043128,0.023028,-28.202363,117.218948,32.379207,0
477,22-3-2023 20:13:9:27720,paved,sudden-right-turn,-0.608099,-3.480120,-0.543339,-0.134204,-0.005076,0.024626,-30.216819,117.218948,35.414760,0
478,22-3-2023 20:13:9:75687,paved,sudden-right-turn,-2.476243,-2.014346,2.014582,-0.113697,0.040198,0.027822,-30.216819,117.218948,35.414760,0
479,22-3-2023 20:13:9:123670,paved,sudden-right-turn,-0.866765,-2.378394,-0.984030,-0.116094,0.003712,0.023827,-32.231273,117.218948,33.391059,0
480,22-3-2023 20:13:9:163666,paved,sudden-right-turn,-1.824788,-4.409402,0.548807,-0.043921,0.019692,0.024093,-32.231273,117.218948,33.391059,0
481,22-3-2023 20:13:9:211699,paved,sudden-right-turn,-1.690664,-2.876566,5.338919,0.070064,-0.080178,0.052057,-28.202363,119.239959,34.402912,0
482,22-3-2023 20:13:9:259693,paved,sudden-right-turn,-0.838024,-1.736519,-1.568424,-0.006104,0.006109,0.022229,-28.202363,119.239959,34.402912,0
483,22-3-2023 20:13:9:299639,paved,sudden-right-turn,0.024196,-2.713702,-3.599430,-0.058303,0.083608,0.010777,-32.231273,119.239959,37.438465,0
484,22-3-2023 20:13:9:347649,paved,sudden-right-turn,-0.138668,-2.330493,-3.062939,-0.085467,0.123823,0.001456,-32.231273,119.239959,37.438465,0
485,22-3-2023 20:13:9:387636,paved,sudden-right-turn,-1.470319,-1.180866,0.587128,-0.089462,-0.060737,0.031018,-30.216819,115.197921,34.402912,0
486,22-3-2023 20:13:9:435627,paved,sudden-right-turn,-0.703901,-1.161706,-0.677462,-0.113431,-0.081244,0.043269,-30.216819,115.197921,34.402912,0
487,22-3-2023 20:13:9:483618,paved,sudden-right-turn,-1.269134,-1.401211,-0.591240,-0.090794,-0.075917,0.030751,-32.231273,117.218948,35.414760,0
488,22-3-2023 20:13:9:531612,paved,sudden-right-turn,-0.454815,-1.784420,-1.568424,-0.104909,-0.029045,0.030485,-32.231273,117.218948,35.414760,0
489,22-3-2023 20:13:9:571601,paved,sudden-right-turn,-0.876345,-0.960521,1.257744,-0.184805,0.095593,0.014506,-28.202363,115.197921,36.426612,0
490,22-3-2023 20:13:9:619595,paved,sudden-right-turn,-2.169676,-2.407135,-1.395979,-0.209306,0.136606,0.014772,-28.202363,115.197921,36.426612,0
491,22-3-2023 20:13:9:667593,paved,sudden-right-turn,-1.154172,-3.642984,-1.453461,-0.083070,-0.029045,0.022762,-32.231273,121.260986,35.414760,0
492,22-3-2023 20:13:9:707588,paved,sudden-right-turn,-0.397334,-3.978292,-1.022350,-0.112898,0.012235,0.025425,-32.231273,121.260986,35.414760,0
493,22-3-2023 20:13:9:755593,paved,sudden-right-turn,-0.723062,-2.081408,3.298332,-0.066559,0.007974,0.013973,-32.231273,119.239959,36.426612,0
494,22-3-2023 20:13:9:803594,paved,sudden-right-turn,-0.972148,-2.675381,0.539227,-0.046585,0.039666,0.025159,-32.231273,119.239959,36.426612,0
495,22-3-2023 20:13:9:843591,paved,sudden-right-turn,-1.575701,-2.483777,0.136856,-0.045786,0.030611,0.020631,-30.216819,115.197921,34.402912,0
496,22-3-2023 20:13:9:891579,paved,sudden-right-turn,-1.211653,-0.960521,1.842136,-0.036731,-0.033839,0.026224,-30.216819,115.197921,34.402912,0
497,22-3-2023 20:13:9:939559,paved,sudden-right-turn,-0.924246,-0.730596,-1.003189,-0.067624,0.017561,0.031817,-30.216819,119.239959,35.414760,0
498,22-3-2023 20:13:9:979559,paved,sudden-right-turn,-2.562465,-1.094644,0.692511,-0.095588,0.075619,0.025425,-30.216819,119.239959,35.414760,0
499,22-3-2023 20:13:10:27550,paved,sudden-right-turn,-0.004545,-4.179477,-0.552919,-0.119556,0.009838,-0.000408,-32.231273,121.260986,36.426612,0
500,22-3-2023 20:13:10:75571,paved,sudden-right-turn,-0.435655,-3.796268,-1.175634,-0.101180,0.082543,0.004652,-32.231273,121.260986,36.426612,0
501,22-3-2023 20:13:10:123540,paved,sudden-right-turn,-0.703901,-3.547182,-0.581659,-0.072684,-0.089233,0.019566,-30.216819,117.218948,35.414760,0
502,22-3-2023 20:13:10:163537,paved,sudden-right-turn,-0.042866,-4.380661,-1.204374,-0.099849,-0.095092,0.046464,-30.216819,117.218948,35.414760,0
503,22-3-2023 20:13:10:211528,paved,sudden-right-turn,-1.384097,-6.095522,-0.869068,-0.135003,0.003446,0.035279,-32.231273,117.218948,36.426612,0
504,22-3-2023 20:13:10:251524,paved,sudden-right-turn,-1.566121,-3.642984,-0.533758,-0.041525,0.036736,0.025159,-32.231273,117.218948,36.426612,0
505,22-3-2023 20:13:10:299511,paved,sudden-right-turn,-2.275058,-3.288516,-0.648722,0.006679,0.060172,0.009712,-30.216819,117.218948,36.426612,0
506,22-3-2023 20:13:10:347506,paved,sudden-right-turn,0.646910,-4.179477,0.740410,-0.008501,0.025284,-0.011061,-30.216819,117.218948,36.426612,0
507,22-3-2023 20:13:10:387505,paved,sudden-right-turn,-1.786467,-4.773451,0.673349,-0.062564,0.004778,0.000657,-28.202363,119.239959,35.414760,0
508,22-3-2023 20:13:10:435499,paved,sudden-right-turn,-0.684741,-3.671725,2.618134,-0.088131,-0.041828,0.011044,-28.202363,119.239959,35.414760,0
509,22-3-2023 20:13:10:483493,paved,sudden-right-turn,-1.623603,-4.399821,1.650532,-0.126747,-0.074053,0.004119,-30.216819,117.218948,36.426612,0
510,22-3-2023 20:13:10:531511,paved,sudden-right-turn,-0.857185,-4.074094,-0.026007,-0.163499,-0.071124,-0.006267,-30.216819,117.218948,36.426612,0
511,22-3-2023 20:13:10:571491,paved,sudden-right-turn,-0.694321,-4.562686,2.800159,-0.104909,-0.065797,0.003587,-30.216819,119.239959,37.438465,0
512,22-3-2023 20:13:10:619522,paved,sudden-right-turn,-0.991308,-5.664412,-0.121809,-0.128878,-0.033306,0.012908,-30.216819,119.239959,37.438465,0
513,22-3-2023 20:13:10:667527,paved,sudden-right-turn,-0.521877,-5.367424,-1.395979,-0.124084,-0.001081,0.030485,-28.202363,117.218948,37.438465,0
514,22-3-2023 20:13:10:707505,paved,sudden-right-turn,0.139158,-5.884756,0.567966,-0.051645,0.041530,0.033415,-28.202363,117.218948,37.438465,0
515,22-3-2023 20:13:10:755507,paved,sudden-right-turn,-0.454815,-5.817695,-0.677462,-0.059102,0.035671,0.021963,-28.202363,117.218948,35.414760,0
516,22-3-2023 20:13:10:803500,paved,sudden-right-turn,0.043356,-8.021147,-4.222145,-0.133405,0.089201,0.016370,-28.202363,117.218948,35.414760,0
517,22-3-2023 20:13:10:843494,paved,sudden-right-turn,0.014616,-8.902528,-0.303833,-0.106240,0.053514,0.002788,-30.216819,117.218948,35.414760,0
518,22-3-2023 20:13:10:891489,paved,sudden-right-turn,0.167899,-7.848702,-1.348078,-0.140862,-0.014397,0.004386,-30.216819,117.218948,35.414760,0
519,22-3-2023 20:13:10:939433,paved,sudden-right-turn,-1.786467,-7.944506,-3.331184,-0.131807,0.005577,0.005984,-30.216819,119.239959,34.402912,0
520,22-3-2023 20:13:10:979478,paved,sudden-right-turn,-0.914666,-9.352798,-0.849905,-0.112898,-0.017061,0.007848,-30.216819,119.239959,34.402912,0
521,22-3-2023 20:13:11:27470,paved,sudden-right-turn,-0.512297,-5.712313,-1.673805,-0.063895,-0.008538,0.026490,-32.231273,119.239959,36.426612,0
522,22-3-2023 20:13:11:75437,paved,sudden-right-turn,0.579849,-5.798534,-2.392323,-0.026611,0.033274,0.014506,-32.231273,119.239959,36.426612,0
523,22-3-2023 20:13:11:123414,paved,sudden-right-turn,0.100838,-6.785298,-1.692966,-0.023947,0.075619,0.010245,-30.216819,119.239959,37.438465,0
524,22-3-2023 20:13:11:163425,paved,sudden-right-turn,-0.809284,-6.430829,-1.204374,0.005348,0.070559,0.008913,-30.216819,119.239959,37.438465,0
525,22-3-2023 20:13:11:211417,paved,sudden-right-turn,-1.020049,-7.293050,-2.057014,-0.014626,-0.004277,0.043002,-32.231273,115.197921,36.426612,0
526,22-3-2023 20:13:11:259399,paved,sudden-right-turn,-2.562465,-4.380661,1.784655,-0.051112,0.027415,0.033415,-32.231273,115.197921,36.426612,0
527,22-3-2023 20:13:11:299401,paved,sudden-right-turn,-0.790123,-4.993795,-0.294252,-0.094256,-0.021055,0.020099,-30.216819,119.239959,35.414760,0
528,22-3-2023 20:13:11:347431,paved,sudden-right-turn,-1.451159,-5.377005,0.098536,-0.108371,-0.055943,0.017169,-30.216819,119.239959,35.414760,0
529,22-3-2023 20:13:11:387408,paved,sudden-right-turn,-0.627259,-3.987872,1.765495,-0.041525,-0.079646,0.009712,-34.245727,117.218948,37.438465,0
530,22-3-2023 20:13:11:439262,paved,sudden-right-turn,-2.140935,-7.120605,0.520067,-0.063895,-0.032507,0.004918,-34.245727,117.218948,37.438465,0
531,22-3-2023 20:13:11:479289,paved,sudden-right-turn,-1.048789,-5.693152,-1.156473,-0.036731,-0.073254,0.002522,-32.231273,119.239959,37.438465,0
532,22-3-2023 20:13:11:527245,paved,sudden-right-turn,-0.349433,-2.368814,-0.112228,-0.022882,-0.091098,0.023561,-32.231273,119.239959,37.438465,0
533,22-3-2023 20:13:11:575281,paved,sudden-right-turn,1.030119,-5.654831,0.903275,-0.034334,-0.053014,0.033947,-30.216819,121.260986,36.426612,0
534,22-3-2023 20:13:11:615254,paved,sudden-right-turn,0.311603,-6.814038,-1.894152,-0.097452,0.026882,0.052323,-30.216819,121.260986,36.426612,0
535,22-3-2023 20:13:11:663227,paved,sudden-right-turn,-1.192493,-7.475075,0.012314,-0.114763,0.041264,0.038475,-34.245727,117.218948,34.402912,0
536,22-3-2023 20:13:11:713120,paved,sudden-right-turn,-0.847605,-7.858283,-1.223536,-0.102246,0.019425,0.023561,-34.245727,117.218948,34.402912,0
537,22-3-2023 20:13:11:752298,paved,sudden-right-turn,-0.349433,-8.461837,-1.386398,-0.076412,-0.000549,0.005717,-30.216819,117.218948,35.414760,0
538,22-3-2023 20:13:11:800301,paved,sudden-right-turn,-1.202073,-8.212752,-1.951632,-0.043921,0.035405,0.024360,-30.216819,117.218948,35.414760,0
539,22-3-2023 20:13:11:848341,paved,sudden-right-turn,-2.476243,-6.545792,-2.488125,-0.034068,-0.004543,0.017702,-32.231273,115.197921,34.402912,0
540,22-3-2023 20:13:11:888278,paved,sudden-right-turn,-2.102614,-8.902528,-1.827089,-0.033535,0.035405,0.041671,-32.231273,115.197921,34.402912,0
541,22-3-2023 20:13:11:936292,paved,sudden-right-turn,-0.320692,-9.343218,-1.051090,-0.029806,-0.052481,0.022762,-32.231273,113.176918,37.438465,0
542,22-3-2023 20:13:11:976327,paved,sudden-right-turn,-0.004545,-6.536212,-3.331184,-0.033269,-0.047687,0.011576,-32.231273,113.176918,37.438465,0
543,22-3-2023 20:13:12:24321,paved,sudden-right-turn,-0.885926,-5.712313,-3.704814,-0.056971,-0.005076,-0.010262,-28.202363,117.218948,36.426612,0
544,22-3-2023 20:13:12:72316,paved,sudden-right-turn,-1.958910,-6.047620,-0.332575,-0.072418,-0.051416,0.001190,-28.202363,117.218948,36.426612,0
545,22-3-2023 20:13:12:120309,paved,sudden-right-turn,-0.588938,-8.078629,-0.016428,-0.117426,-0.062868,0.003587,-32.231273,119.239959,37.438465,0
546,22-3-2023 20:13:12:160293,paved,sudden-right-turn,-0.330273,-6.449990,-1.012770,-0.103044,-0.071922,0.012375,-32.231273,119.239959,37.438465,0
547,22-3-2023 20:13:12:208293,paved,sudden-right-turn,-0.560198,-5.367424,1.449348,-0.053509,-0.037567,0.025159,-30.216819,117.218948,38.450313,0
548,22-3-2023 20:13:12:256232,paved,sudden-right-turn,-0.359013,-7.484654,2.062483,-0.016490,0.004511,0.014506,-30.216819,117.218948,38.450313,0
549,22-3-2023 20:13:12:296237,paved,sudden-right-turn,-1.096690,-4.294439,0.587128,0.005880,-0.007739,0.005984,-34.245727,119.239959,35.414760,0
