sr_no,timestamp,road_type,harsh_event,acc_x,acc_y,acc_z,gyro_x,gyro_y,gyro_z,mag_x,mag_y,mag_z,event_class
1,22-3-2023 19:11:26:84931,paved,sudden-acc,-1.280753,-2.798606,4.228144,-0.005926,0.029332,0.008516,-103.846466,99.261383,88.733665,0
2,22-3-2023 19:11:26:455790,paved,sudden-acc,-4.815856,1.637038,1.995953,0.011917,-0.006088,0.027424,-103.846466,99.261383,88.733665,0
3,22-3-2023 19:11:26:459736,paved,sudden-acc,1.267586,-3.679986,-0.897276,-0.077034,0.108696,0.008249,-102.157905,89.33525,84.508255,0
4,22-3-2023 19:11:26:467738,paved,sudden-acc,1.104722,-4.302701,-2.765419,-0.174241,0.05916,-0.021046,-102.157905,89.33525,84.508255,0
5,22-3-2023 19:11:26:499733,paved,sudden-acc,0.57781,-0.710117,-0.954758,-0.167583,0.02081,-0.003202,-104.69075,102.570098,86.620956,0
6,22-3-2023 19:11:26:507728,paved,sudden-acc,0.970599,-5.126601,-3.512676,-0.193948,-0.099833,0.00532,-104.69075,102.570098,86.620956,0
7,22-3-2023 19:11:26:515731,paved,sudden-acc,0.817316,0.793978,-3.531837,-0.222977,-0.031655,-0.008263,-103.002189,92.643959,84.508255,0
8,22-3-2023 19:11:26:523731,paved,sudden-acc,-4.700893,-0.786759,0.693041,-0.161457,0.015217,0.00239,-103.002189,92.643959,84.508255,0
9,22-3-2023 19:11:26:523731,paved,sudden-acc,-1.951369,-4.082356,7.657866,-0.136689,0.091385,-0.00267,-100.469345,95.952674,86.620956,0
10,22-3-2023 19:11:26:531726,paved,sudden-acc,-3.924895,4.942215,4.333527,0.011118,0.01575,0.017837,-100.469345,95.952674,86.620956,0
11,22-3-2023 19:11:26:539728,paved,sudden-acc,0.338305,0.037141,-5.141315,-0.048271,-0.009018,-0.014921,-101.313629,92.643959,86.620956,0
12,22-3-2023 19:11:26:587718,paved,sudden-acc,6.210983,-5.825957,-2.861221,-0.038684,-0.004757,0.005852,-101.313629,92.643959,86.620956,0
13,22-3-2023 19:11:26:627718,paved,sudden-acc,-1.788505,-1.064585,-2.918703,-0.005394,0.016549,0.002124,-100.469345,86.026542,82.395545,0
14,22-3-2023 19:11:26:675707,paved,sudden-acc,3.308174,0.075462,-2.535494,-0.113786,0.133996,-0.018649,-100.469345,86.026542,82.395545,0
15,22-3-2023 19:11:26:722817,paved,sudden-acc,-2.612405,2.796245,-1.462509,0.029494,-0.040177,0.024229,-103.846466,86.026542,84.508255,0
16,22-3-2023 19:11:26:766793,paved,sudden-acc,2.350152,-6.8223,-4.892229,0.067046,-0.024731,0.011978,-103.846466,86.026542,84.508255,0
17,22-3-2023 19:11:26:806822,paved,sudden-acc,1.42087,0.334128,4.08444,-0.082893,0.060758,-0.01279,-102.157905,95.952674,82.395545,0
18,22-3-2023 19:11:26:854766,paved,sudden-acc,-0.677199,1.780741,-2.257668,-0.037086,-0.000762,-0.017051,-102.157905,95.952674,82.395545,0
19,22-3-2023 19:11:26:907211,paved,sudden-acc,0.625711,0.305387,-6.243041,-0.071974,-0.085452,0.018369,-103.846466,92.643959,86.620956,0
20,22-3-2023 19:11:26:947193,paved,sudden-acc,-2.727367,0.564053,4.592194,-0.108992,0.13586,0.015973,-103.846466,92.643959,86.620956,0
21,22-3-2023 19:11:26:995190,paved,sudden-acc,0.520329,-6.333709,3.921577,-0.060256,0.114821,-0.011991,-102.157905,89.33525,84.508255,0
22,22-3-2023 19:11:27:35182,paved,sudden-acc,-1.252013,5.344585,0.58766,0.023902,0.049839,-0.030633,-102.157905,89.33525,84.508255,0
23,22-3-2023 19:11:27:131172,paved,sudden-acc,1.42087,3.792589,-2.209766,-0.04907,-0.001028,-0.024508,-103.846466,92.643959,88.733665,0
24,22-3-2023 19:11:27:179163,paved,sudden-acc,0.414946,-1.850164,3.864096,-0.037618,-0.019138,-0.005599,-103.846466,92.643959,88.733665,0
25,22-3-2023 19:11:27:219163,paved,sudden-acc,0.57781,-1.505275,3.337183,-0.008057,-0.05376,0.00239,-103.002189,92.643959,88.733665,0
26,22-3-2023 19:11:27:267160,paved,sudden-acc,-0.562237,2.173531,3.413826,-0.018443,-0.040177,-0.002137,-103.002189,92.643959,88.733665,0
27,22-3-2023 19:11:27:315152,paved,sudden-acc,-1.395716,2.489678,-2.104383,-0.109258,0.081265,0.003988,-102.157905,86.026542,88.733665,0
28,22-3-2023 19:11:27:355147,paved,sudden-acc,0.443687,-4.628429,-3.828824,-0.081561,-0.071337,-0.006665,-102.157905,86.026542,88.733665,0
29,22-3-2023 19:11:27:411139,paved,sudden-acc,-1.108309,-3.450061,0.290672,-0.082893,0.008826,0.008516,-103.846466,95.952674,82.395545,0
30,22-3-2023 19:11:27:451129,paved,sudden-acc,-2.497442,2.690863,3.203062,-0.079963,0.147312,0.008249,-103.846466,95.952674,82.395545,0
31,22-3-2023 19:11:27:499137,paved,sudden-acc,-2.152554,-3.727888,-5.045512,-0.100204,-0.02553,0.024761,-103.846466,92.643959,86.620956,0
32,22-3-2023 19:11:27:539122,paved,sudden-acc,3.14531,-5.078699,3.135998,-0.094078,0.008826,-0.007464,-103.846466,92.643959,86.620956,0
33,22-3-2023 19:11:27:587115,paved,sudden-acc,-4.585931,-2.645322,5.6556,0.01751,-0.077462,0.019701,-103.002189,92.643959,84.508255,0
34,22-3-2023 19:11:27:635154,paved,sudden-acc,1.593314,-3.632086,0.549337,-0.018443,-0.103295,-0.013589,-103.002189,92.643959,84.508255,0
35,22-3-2023 19:11:27:675150,paved,sudden-acc,0.865217,-1.945966,-2.219347,0.025233,-0.154162,0.014641,-102.157905,89.33525,88.733665,0
36,22-3-2023 19:11:27:723142,paved,sudden-acc,0.740674,1.263409,-5.447883,-0.024036,0.063688,0.009048,-102.157905,89.33525,88.733665,0
37,22-3-2023 19:11:27:819131,paved,sudden-acc,-1.596901,-3.689567,-2.171446,-0.037086,0.02374,0.011978,-103.002189,89.33525,86.620956,0
38,22-3-2023 19:11:27:859103,paved,sudden-acc,0.817316,-0.710117,-5.237118,-0.042945,0.037855,0.00026,-103.002189,89.33525,86.620956,0
39,22-3-2023 19:11:27:915078,paved,sudden-acc,-1.12747,0.516152,1.698965,-0.010986,-0.038579,0.00745,-103.846466,89.33525,82.395545,0
40,22-3-2023 19:11:27:955079,paved,sudden-acc,1.056821,-0.221525,0.328993,-0.107927,0.052502,-0.016518,-103.846466,89.33525,82.395545,0
41,22-3-2023 19:11:28:3072,paved,sudden-acc,0.826896,-0.183205,0.367313,-0.113786,0.008293,-0.01279,-103.846466,86.026542,88.733665,0
42,22-3-2023 19:11:28:43076,paved,sudden-acc,-1.884307,3.495602,0.118229,-0.093546,0.021875,0.000792,-103.846466,86.026542,88.733665,0
43,22-3-2023 19:11:28:91063,paved,sudden-acc,1.162204,1.244249,-3.17737,-0.157995,0.115886,-0.005333,-102.157905,89.33525,86.620956,0
44,22-3-2023 19:11:28:139091,paved,sudden-acc,-0.188608,0.152103,1.200794,-0.152669,0.110027,-0.002936,-102.157905,89.33525,86.620956,0
45,22-3-2023 19:11:28:179046,paved,sudden-acc,-1.817246,3.160294,2.225878,-0.092747,-0.020203,-0.008795,-104.69075,99.261383,86.620956,0
46,22-3-2023 19:11:28:227035,paved,sudden-acc,2.148967,-1.323251,-4.710205,-0.123373,0.076205,-0.019182,-104.69075,99.261383,86.620956,0
47,22-3-2023 19:11:28:275026,paved,sudden-acc,-0.207768,-0.010761,4.870018,-0.086621,0.030131,0.005852,-103.846466,92.643959,86.620956,0
48,22-3-2023 19:11:28:315045,paved,sudden-acc,-2.114233,1.675359,-1.567892,-0.070908,0.028533,0.000792,-103.846466,92.643959,86.620956,0
49,22-3-2023 19:11:28:363063,paved,sudden-acc,0.596971,-0.595154,0.65472,-0.094078,0.055698,0.007983,-101.313629,89.33525,82.395545,0
50,22-3-2023 19:11:28:403013,paved,sudden-acc,0.079639,-2.501619,6.134609,-0.088752,0.006695,0.003722,-101.313629,89.33525,82.395545,0
51,22-3-2023 19:11:28:459027,paved,sudden-acc,-1.462778,-1.035844,3.432985,-0.043477,0.001901,0.013043,-103.846466,89.33525,90.846366,0
52,22-3-2023 19:11:28:504319,paved,sudden-acc,-1.903468,-1.495695,1.009188,-0.069044,-0.040444,0.013842,-103.846466,89.33525,90.846366,0
53,22-3-2023 19:11:28:544342,paved,sudden-acc,-2.804009,0.803559,-0.964336,-0.083692,0.031995,0.010114,-103.002189,89.33525,86.620956,0
54,22-3-2023 19:11:28:592369,paved,sudden-acc,-1.213692,-1.466955,1.622322,-0.044276,-0.0226,0.006651,-103.002189,89.33525,86.620956,0
55,22-3-2023 19:11:28:632329,paved,sudden-acc,2.426794,-2.97105,-2.113964,-0.037352,-0.030323,0.003988,-103.846466,92.643959,88.733665,0
56,22-3-2023 19:11:28:680313,paved,sudden-acc,-1.405296,1.455014,2.005533,-0.067446,-0.062548,0.016505,-103.846466,92.643959,88.733665,0
57,22-3-2023 19:11:28:728304,paved,sudden-acc,-1.060408,-0.441871,-3.819243,-0.082094,0.013087,0.006651,-103.002189,86.026542,86.620956,0
58,22-3-2023 19:11:28:768358,paved,sudden-acc,-1.99927,1.196348,-1.309225,-0.116982,0.012021,0.00745,-103.002189,86.026542,86.620956,0
59,22-3-2023 19:11:28:816341,paved,sudden-acc,-0.763421,0.01798,-0.581129,-0.08529,-0.013812,-0.010127,-102.157905,92.643959,84.508255,0
60,22-3-2023 19:11:28:864335,paved,sudden-acc,-1.079569,1.378372,-1.702015,-0.084757,-0.019404,0.012777,-102.157905,92.643959,84.508255,0
61,22-3-2023 19:11:28:904282,paved,sudden-acc,-0.322731,-0.41313,0.012846,-0.06212,-0.002093,0.001059,-102.157905,89.33525,86.620956,0
62,22-3-2023 19:11:28:952301,paved,sudden-acc,-0.30357,1.330471,-3.014505,-0.114585,-0.02553,-0.004001,-102.157905,89.33525,86.620956,0
63,22-3-2023 19:11:29:317,paved,sudden-acc,-0.428113,1.29215,-0.533228,-0.052532,0.071944,0.004787,-103.846466,89.33525,86.620956,0
64,22-3-2023 19:11:29:48268,paved,sudden-acc,-0.523916,-1.543596,1.009188,-0.052799,-0.044971,0.009048,-103.846466,89.33525,86.620956,0
65,22-3-2023 19:11:29:88318,paved,sudden-acc,-3.177638,-0.690956,2.503704,-0.029096,-0.05083,0.014907,-102.157905,92.643959,86.620956,0
66,22-3-2023 19:11:29:136260,paved,sudden-acc,0.022157,-1.371152,-2.583395,-0.050668,-0.002892,-0.001871,-102.157905,92.643959,86.620956,0
67,22-3-2023 19:11:29:184253,paved,sudden-acc,-0.945446,-1.323251,1.430719,-0.104997,0.079667,-0.011458,-103.002189,92.643959,84.508255,0
68,22-3-2023 19:11:29:224252,paved,sudden-acc,-1.587321,-3.593765,2.714468,-0.048537,-0.017806,0.017837,-103.002189,92.643959,84.508255,0
69,22-3-2023 19:11:29:272295,paved,sudden-acc,0.836476,-0.518512,-3.455196,-0.087686,0.025604,0.011978,-101.313629,95.952674,82.395545,0
70,22-3-2023 19:11:29:312238,paved,sudden-acc,-0.28441,-2.405817,2.858171,-0.129232,0.090852,0.002923,-101.313629,95.952674,82.395545,0
71,22-3-2023 19:11:29:360233,paved,sudden-acc,0.874797,-0.40355,-2.372631,-0.090083,-0.054026,0.001325,-103.002189,86.026542,84.508255,0
72,22-3-2023 19:11:29:408227,paved,sudden-acc,-1.56816,1.28257,-1.625374,-0.068511,-0.036715,0.013576,-103.002189,86.026542,84.508255,0
73,22-3-2023 19:11:29:448263,paved,sudden-acc,1.152624,0.956842,-1.232584,-0.11059,-0.008751,-0.004001,-103.846466,89.33525,88.733665,0
74,22-3-2023 19:11:29:496233,paved,sudden-acc,-0.610138,0.621534,0.472696,-0.089018,-0.006355,-0.016252,-103.846466,89.33525,88.733665,0
75,22-3-2023 19:11:29:544250,paved,sudden-acc,1.171784,-1.945966,-1.539152,-0.061321,-0.042574,0.008249,-103.846466,95.952674,86.620956,0
76,22-3-2023 19:11:29:592249,paved,sudden-acc,0.596971,-2.080089,2.494123,-0.006193,-0.113948,0.018902,-103.846466,95.952674,86.620956,0
77,22-3-2023 19:11:29:632238,paved,sudden-acc,1.028081,-1.208289,3.979059,-0.001132,0.014418,0.014641,-102.157905,86.026542,86.620956,0
78,22-3-2023 19:11:29:680197,paved,sudden-acc,-1.913048,-0.777179,-3.416874,-0.043477,-0.000229,0.019435,-102.157905,86.026542,86.620956,0
79,22-3-2023 19:11:29:728184,paved,sudden-acc,2.426794,-0.882561,-5.246697,-0.057592,0.012554,0.011445,-103.002189,95.952674,86.620956,0
80,22-3-2023 19:11:29:768222,paved,sudden-acc,0.299984,-4.168578,0.079906,-0.085023,0.041317,0.011978,-103.002189,95.952674,86.620956,0
81,22-3-2023 19:11:29:816176,paved,sudden-acc,0.070058,2.240592,3.097677,-0.051201,-0.012214,0.016505,-103.846466,89.33525,90.846366,0
82,22-3-2023 19:11:29:864171,paved,sudden-acc,-3.311761,1.637038,-0.456585,-0.037352,0.103369,-0.003735,-103.846466,89.33525,90.846366,0
83,22-3-2023 19:11:29:904157,paved,sudden-acc,-0.70594,-0.298167,-1.615793,-0.162256,0.108962,-0.000806,-102.157905,86.026542,84.508255,0
84,22-3-2023 19:11:29:952150,paved,sudden-acc,-2.535763,4.28118,4.094021,-0.069843,0.102304,0.01038,-102.157905,86.026542,84.508255,0
85,22-3-2023 19:11:29:992163,paved,sudden-acc,0.108379,0.01798,-0.035055,-0.094078,0.003499,0.006651,-103.846466,89.33525,86.620956,0
86,22-3-2023 19:11:30:40167,paved,sudden-acc,0.884377,0.286226,0.721781,-0.083425,-0.101431,0.014375,-103.846466,89.33525,86.620956,0
87,22-3-2023 19:11:30:85056,paved,sudden-acc,2.072325,-3.105173,-1.328386,-0.010187,-0.168544,0.003189,-103.002189,95.952674,82.395545,0
88,22-3-2023 19:11:30:133075,paved,sudden-acc,-0.332311,-2.836927,4.889181,-0.03895,-0.078794,0.001325,-103.002189,95.952674,82.395545,0
89,22-3-2023 19:11:30:181063,paved,sudden-acc,-0.792162,-5.222403,-2.851643,-0.113253,0.022408,0.019967,-103.846466,95.952674,86.620956,0
90,22-3-2023 19:11:30:229054,paved,sudden-acc,-2.056752,3.208195,6.15377,-0.089284,-0.004224,0.007717,-103.846466,95.952674,86.620956,0
91,22-3-2023 19:11:30:273786,paved,sudden-acc,-0.658039,-4.762552,3.471306,-0.057859,-0.12034,0.006651,-103.002189,92.643959,86.620956,0
92,22-3-2023 19:11:30:318096,paved,sudden-acc,-3.26386,-2.472878,-0.332043,-0.055728,0.075938,0.016772,-103.002189,92.643959,86.620956,0
93,22-3-2023 19:11:30:358082,paved,sudden-acc,1.526252,0.707756,1.593582,-0.084491,0.13586,0.006385,-102.157905,89.33525,84.508255,0
94,22-3-2023 19:11:30:406079,paved,sudden-acc,-1.13705,0.602374,3.605429,-0.021373,-0.014611,0.011711,-102.157905,89.33525,84.508255,0
95,22-3-2023 19:11:30:454074,paved,sudden-acc,0.328724,-2.424977,-1.577471,-0.073572,-0.064146,0.003189,-102.157905,86.026542,86.620956,0
96,22-3-2023 19:11:30:494071,paved,sudden-acc,1.679536,-3.660826,2.130075,-0.015514,-0.031122,-0.003735,-102.157905,86.026542,86.620956,0
97,22-3-2023 19:11:30:542049,paved,sudden-acc,-0.361052,-1.668139,0.146969,-0.078632,0.120946,0.018636,-102.157905,89.33525,82.395545,0
98,22-3-2023 19:11:30:582059,paved,sudden-acc,-1.290334,1.167607,1.354078,-0.017112,0.03892,0.009048,-102.157905,89.33525,82.395545,0
99,22-3-2023 19:11:30:630084,paved,sudden-acc,-2.286677,1.541236,-0.178759,-0.047738,0.036523,0.010646,-102.157905,95.952674,90.846366,0
100,22-3-2023 19:11:30:678034,paved,sudden-acc,-1.13705,3.725527,-3.359392,-0.05413,-0.007686,-0.010393,-102.157905,95.952674,90.846366,0
101,22-3-2023 19:11:30:726074,paved,sudden-acc,0.951439,-0.815499,1.564842,-0.086888,0.080732,-0.011192,-103.002189,92.643959,82.395545,0
102,22-3-2023 19:11:30:774023,paved,sudden-acc,-2.114233,-3.038112,3.088099,-0.097008,-0.022866,0.010114,-103.002189,92.643959,82.395545,0
103,22-3-2023 19:11:30:814027,paved,sudden-acc,-1.731024,0.257486,-1.175102,-0.079963,0.011223,0.004255,-102.157905,95.952674,88.733665,0
104,22-3-2023 19:11:30:862017,paved,sudden-acc,-0.083225,-1.763942,-6.19514,-0.093812,0.038387,0.003189,-102.157905,95.952674,88.733665,0
105,22-3-2023 19:11:30:902016,paved,sudden-acc,0.501168,1.531656,2.599506,-0.084224,-0.013013,0.001591,-103.846466,92.643959,90.846366,0
106,22-3-2023 19:11:30:949997,paved,sudden-acc,-2.39206,-0.058662,1.564842,-0.101269,0.013087,-0.006132,-103.846466,92.643959,90.846366,0
107,22-3-2023 19:11:30:998006,paved,sudden-acc,-3.618328,0.717337,2.245037,-0.072506,0.018147,-0.013056,-102.157905,89.33525,82.395545,0
108,22-3-2023 19:11:31:37996,paved,sudden-acc,0.194601,-0.758018,1.373238,-0.096209,-0.068407,-0.01279,-102.157905,89.33525,82.395545,0
109,22-3-2023 19:11:31:85997,paved,sudden-acc,-0.198188,-1.869324,0.961288,-0.055462,-0.065211,-0.004268,-103.002189,89.33525,88.733665,0
110,22-3-2023 19:11:31:133990,paved,sudden-acc,-2.468701,-0.384389,-0.466166,-0.009921,-0.059885,0.030354,-103.002189,89.33525,88.733665,0
111,22-3-2023 19:11:31:173970,paved,sudden-acc,0.280823,-3.40216,-4.518601,-0.095942,-0.013013,0.005852,-101.313629,92.643959,86.620956,0
112,22-3-2023 19:11:31:221975,paved,sudden-acc,2.570497,-1.055005,3.040197,-0.057592,-0.113948,-0.019714,-101.313629,92.643959,86.620956,0
113,22-3-2023 19:11:31:269966,paved,sudden-acc,-0.686779,5.670312,-4.422798,-0.063718,-0.025796,0.004521,-103.846466,92.643959,86.620956,0
114,22-3-2023 19:11:31:317954,paved,sudden-acc,-2.82317,1.397532,5.923843,-0.079164,0.013886,0.019168,-103.846466,92.643959,86.620956,0
115,22-3-2023 19:11:31:357994,paved,sudden-acc,-0.092806,-3.747048,-3.62764,-0.109258,-0.079593,-0.010659,-103.002189,95.952674,88.733665,0
116,22-3-2023 19:11:31:455023,paved,sudden-acc,3.164471,-3.737468,1.344498,-0.06931,-0.111551,-0.000273,-103.002189,95.952674,88.733665,1
117,22-3-2023 19:11:31:503032,paved,sudden-acc,2.474695,0.985583,-0.542809,-0.023237,-0.101964,-0.009061,-103.002189,92.643959,86.620956,1
118,22-3-2023 19:11:31:547471,paved,sudden-acc,-1.414877,-1.840583,-0.399105,0.025233,0.022408,0.015174,-103.002189,92.643959,86.620956,1
119,22-3-2023 19:11:31:587482,paved,sudden-acc,4.917652,-6.094203,1.603163,0.07903,0.010157,0.001858,-102.157905,89.33525,88.733665,1
120,22-3-2023 19:11:31:635522,paved,sudden-acc,-6.980987,5.478708,0.271511,0.091014,0.04611,0.019967,-102.157905,89.33525,88.733665,1
121,22-3-2023 19:11:31:683474,paved,sudden-acc,2.407633,-5.002058,11.413313,0.146942,-0.057754,0.005586,-103.002189,89.33525,88.733665,1
122,22-3-2023 19:11:31:723472,paved,sudden-acc,2.369312,-1.409473,-1.318806,0.070508,0.021875,0.001858,-103.002189,89.33525,88.733665,1
123,22-3-2023 19:11:31:771465,paved,sudden-acc,3.490199,-0.288587,-0.26498,-0.05413,-0.116877,0.007717,-103.846466,95.952674,88.733665,1
124,22-3-2023 19:11:31:819501,paved,sudden-acc,-3.129737,1.866963,5.866364,-0.029362,-0.133389,0.00745,-103.846466,95.952674,88.733665,1
125,22-3-2023 19:11:31:867446,paved,sudden-acc,2.829163,7.27979,-6.20472,0.063583,0.002168,0.001858,-106.379302,82.717826,90.846366,1
126,22-3-2023 19:11:31:907475,paved,sudden-acc,-7.383356,-2.482459,-2.727098,-0.166251,-0.050031,-0.003735,-106.379302,82.717826,90.846366,1
127,22-3-2023 19:11:31:955482,paved,sudden-acc,3.375236,-0.211945,-2.822901,-0.214455,0.065286,-0.041819,-105.535034,89.33525,80.282836,1
128,22-3-2023 19:11:31:995476,paved,sudden-acc,5.051775,-3.191395,1.708546,-0.003796,-0.064412,-0.015986,-105.535034,89.33525,80.282836,1
129,22-3-2023 19:11:32:43476,paved,sudden-acc,-5.285287,-1.495695,-3.397715,0.032158,-0.016208,0.012244,-102.157905,92.643959,84.508255,1
130,22-3-2023 19:11:32:91432,paved,sudden-acc,5.655329,0.889781,-11.675029,-0.022172,0.086058,-0.011991,-102.157905,92.643959,84.508255,1
131,22-3-2023 19:11:32:131421,paved,sudden-acc,-6.003804,3.706367,19.813972,-0.037618,0.029332,-0.00267,-103.002189,89.33525,88.733665,1
132,22-3-2023 19:11:32:179407,paved,sudden-acc,0.922698,4.788932,-0.485327,0.090748,-0.058021,0.011978,-103.002189,89.33525,88.733665,1
133,22-3-2023 19:11:32:227399,paved,sudden-acc,0.616131,2.58548,5.914263,0.030826,-0.047368,-0.015986,-102.157905,86.026542,88.733665,1
134,22-3-2023 19:11:32:267411,paved,sudden-acc,0.596971,0.822719,-3.014505,-0.064517,0.008027,-0.029035,-102.157905,86.026542,88.733665,1
135,22-3-2023 19:11:32:315400,paved,sudden-acc,-2.257936,-0.652636,-7.162743,-0.132428,-0.048433,-0.013855,-103.846466,86.026542,82.395545,1
136,22-3-2023 19:11:32:363432,paved,sudden-acc,4.151234,-1.208289,-1.826557,-0.126569,0.047442,-0.038623,-103.846466,86.026542,82.395545,1
137,22-3-2023 19:11:32:411425,paved,sudden-acc,-6.348692,1.914865,2.75279,-0.085556,0.025071,-0.025307,-104.69075,89.33525,82.395545,1
138,22-3-2023 19:11:32:451383,paved,sudden-acc,4.591924,1.359212,-6.875336,-0.143347,0.080998,-0.012257,-104.69075,89.33525,82.395545,1
139,22-3-2023 19:11:32:499377,paved,sudden-acc,0.1467,5.852337,-8.628518,-0.111922,-0.021801,-0.016785,-103.002189,92.643959,86.620956,1
140,22-3-2023 19:11:32:547374,paved,sudden-acc,-1.884307,7.346852,6.996828,-0.012052,0.025604,-0.003469,-103.002189,92.643959,86.620956,1
141,22-3-2023 19:11:32:587403,paved,sudden-acc,5.090096,7.289371,-4.585662,-0.071974,-0.067076,-0.00986,-102.157905,82.717826,84.508255,1
142,22-3-2023 19:11:32:635399,paved,sudden-acc,-3.28302,-1.840583,13.195237,-0.15187,0.018679,-0.069782,-102.157905,82.717826,84.508255,1
143,22-3-2023 19:11:32:675354,paved,sudden-acc,-3.26386,8.563542,-0.015896,-0.098872,0.227208,0.001858,-102.157905,92.643959,84.508255,1
144,22-3-2023 19:11:32:723385,paved,sudden-acc,-0.341891,4.223699,4.563452,-0.085556,0.014951,-0.029035,-102.157905,92.643959,84.508255,1
145,22-3-2023 19:11:32:771360,paved,sudden-acc,-0.571817,-4.149417,2.599506,-0.039749,-0.195442,-0.01785,-101.313629,86.026542,86.620956,1
146,22-3-2023 19:11:32:819334,paved,sudden-acc,-4.020698,0.200004,1.718126,-0.062652,0.054899,-0.037558,-101.313629,86.026542,86.620956,1
147,22-3-2023 19:11:32:859353,paved,sudden-acc,3.614741,-2.674063,-9.538639,-0.067979,-0.011148,-0.024508,-103.846466,92.643959,84.508255,1
148,22-3-2023 19:11:32:907317,paved,sudden-acc,-1.022087,0.42035,1.775606,-0.053598,-0.083055,-0.03596,-103.846466,92.643959,84.508255,1
149,22-3-2023 19:11:32:955318,paved,sudden-acc,1.83282,0.037141,0.980448,-0.027232,-0.015676,-0.003202,-103.846466,89.33525,86.620956,1
150,22-3-2023 19:11:32:995309,paved,sudden-acc,3.672223,4.72187,-1.864878,-0.139885,-0.017007,-0.028237,-103.846466,89.33525,86.620956,1
151,22-3-2023 19:11:33:43300,paved,sudden-acc,-2.353739,-2.223793,2.398321,-0.137222,-0.137118,-0.027438,-103.846466,86.026542,86.620956,1
152,22-3-2023 19:11:33:91294,paved,sudden-acc,0.673612,-2.817766,-0.312883,-0.061054,0.094581,-0.014921,-103.846466,86.026542,86.620956,1
153,22-3-2023 19:11:33:131286,paved,sudden-acc,0.501168,0.238325,-0.782312,-0.044276,0.0288,-0.03303,-103.846466,82.717826,86.620956,1
154,22-3-2023 19:11:33:179279,paved,sudden-acc,-1.510679,1.886124,4.745478,-0.023503,-0.015676,-0.012524,-103.846466,82.717826,86.620956,1
155,22-3-2023 19:11:33:219278,paved,sudden-acc,-0.044904,2.068148,0.702621,-0.024302,-0.063613,-0.015187,-102.157905,89.33525,90.846366,1
156,22-3-2023 19:11:33:267286,paved,sudden-acc,3.471038,0.113782,-0.102118,-0.046407,-0.093974,-0.028237,-102.157905,89.33525,90.846366,1
157,22-3-2023 19:11:33:315312,paved,sudden-acc,0.865217,2.939949,-2.478012,-0.084224,0.008293,-0.044482,-104.69075,95.952674,88.733665,1
158,22-3-2023 19:11:33:355269,paved,sudden-acc,-5.093683,2.211852,4.333527,-0.043477,0.080998,-0.013589,-104.69075,95.952674,88.733665,1
159,22-3-2023 19:11:33:411252,paved,sudden-acc,0.903538,2.5759,-2.564236,-0.014715,-0.044705,-0.002403,-101.313629,76.100402,95.071784,1
160,22-3-2023 19:11:33:451294,paved,sudden-acc,1.899881,-0.987943,5.540636,-0.016313,-0.033786,-0.020247,-101.313629,76.100402,95.071784,1
161,22-3-2023 19:11:33:499240,paved,sudden-acc,-1.194531,-1.371152,-1.51041,-0.046141,-0.041509,-0.042352,-103.002189,86.026542,82.395545,1
162,22-3-2023 19:11:33:539261,paved,sudden-acc,0.204181,-0.499352,0.894228,-0.048271,0.001901,-0.019182,-103.002189,86.026542,82.395545,1
163,22-3-2023 19:11:33:587240,paved,sudden-acc,-1.549,0.746077,0.338573,0.011385,0.01069,-0.008263,-103.002189,92.643959,88.733665,1
164,22-3-2023 19:11:33:635233,paved,sudden-acc,-0.907125,1.886124,-0.408684,-0.044276,0.101505,-0.042884,-103.002189,92.643959,88.733665,1
165,22-3-2023 19:11:33:675226,paved,sudden-acc,-1.501099,1.780741,0.108648,-0.092214,0.083928,-0.036759,-102.157905,89.33525,86.620956,1
166,22-3-2023 19:11:33:723262,paved,sudden-acc,-0.025744,-0.096982,-4.068331,-0.118313,-0.070538,-0.018915,-102.157905,89.33525,86.620956,1
167,22-3-2023 19:11:33:771255,paved,sudden-acc,1.315487,2.901628,0.26193,-0.102867,-0.020736,-0.016785,-104.69075,89.33525,88.733665,1
168,22-3-2023 19:11:33:811204,paved,sudden-acc,2.455534,-1.495695,0.760103,-0.103666,0.086058,-0.039955,-104.69075,89.33525,88.733665,1
169,22-3-2023 19:11:33:859205,paved,sudden-acc,-0.600557,0.487411,-0.763151,-0.022971,0.063954,-0.022111,-102.157905,86.026542,86.620956,1
170,22-3-2023 19:11:33:899237,paved,sudden-acc,-2.526183,2.298074,3.270123,0.005526,-0.018073,-0.004268,-102.157905,86.026542,86.620956,1
171,22-3-2023 19:11:33:955231,paved,sudden-acc,0.884377,-0.326908,0.846325,-0.026433,-0.016208,-0.02584,-103.846466,89.33525,84.508255,1
172,22-3-2023 19:11:33:995201,paved,sudden-acc,-0.753841,1.023904,2.695309,-0.075169,-0.029791,-0.05114,-103.846466,89.33525,84.508255,1
173,22-3-2023 19:11:34:43218,paved,sudden-acc,0.242502,-0.518512,-0.092537,-0.051467,0.104701,-0.016785,-103.002189,86.026542,88.733665,1
174,22-3-2023 19:11:34:91166,paved,sudden-acc,2.139387,-0.077822,1.354078,-0.081295,-0.019138,-0.023176,-103.002189,86.026542,88.733665,1
175,22-3-2023 19:11:34:131210,paved,sudden-acc,1.41129,2.786665,-4.154552,-0.117781,-0.044705,-0.037291,-104.69075,95.952674,88.733665,1
176,22-3-2023 19:11:34:179157,paved,sudden-acc,-0.29399,1.790322,6.479498,-0.038684,-0.040177,-0.045015,-104.69075,95.952674,88.733665,1
177,22-3-2023 19:11:34:219161,paved,sudden-acc,-1.012507,-0.250266,-1.280485,-0.022971,0.058894,-0.000273,-103.846466,86.026542,88.733665,1
178,22-3-2023 19:11:34:267150,paved,sudden-acc,-3.580008,1.196348,5.406511,-0.012584,0.158764,-0.018915,-103.846466,86.026542,88.733665,1
179,22-3-2023 19:11:34:315141,paved,sudden-acc,0.683193,-0.077822,-1.203842,-0.041879,0.159829,-0.026905,-103.846466,82.717826,84.508255,1
180,22-3-2023 19:11:34:355137,paved,sudden-acc,4.055432,-0.461031,-2.928284,-0.058125,-0.004224,-0.027171,-103.846466,82.717826,84.508255,1
181,22-3-2023 19:11:34:403127,paved,sudden-acc,3.806346,-2.108829,-1.749916,-0.103399,-0.057754,-0.019182,-104.69075,92.643959,86.620956,1
182,22-3-2023 19:11:34:451121,paved,sudden-acc,0.711933,-0.39397,2.656988,-0.076501,0.062356,-0.019981,-104.69075,92.643959,86.620956,1
183,22-3-2023 19:11:34:499122,paved,sudden-acc,-2.82317,3.792589,-6.271781,-0.154,0.126007,-0.016252,-103.846466,92.643959,86.620956,1
184,22-3-2023 19:11:34:539113,paved,sudden-acc,-0.964606,-0.279007,6.422016,-0.1026,-0.005822,-0.004001,-103.846466,92.643959,86.620956,1
185,22-3-2023 19:11:34:587112,paved,sudden-acc,0.539489,-1.639399,-7.411828,-0.089018,0.186994,-0.021312,-104.69075,92.643959,88.733665,1
186,22-3-2023 19:11:34:635157,paved,sudden-acc,-1.57774,2.652542,-0.514067,-0.047472,0.092983,-0.029302,-104.69075,92.643959,88.733665,1
187,22-3-2023 19:11:34:675141,paved,sudden-acc,-0.26525,2.738764,-5.150896,-0.071175,0.008826,-0.010393,-104.69075,79.409118,88.733665,1
188,22-3-2023 19:11:34:723147,paved,sudden-acc,-0.935865,2.595061,1.354078,-0.059457,-0.0226,-0.005866,-104.69075,79.409118,88.733665,1
189,22-3-2023 19:11:34:771081,paved,sudden-acc,1.717857,-5.184082,-1.012239,-0.134825,0.047708,-0.024508,-104.69075,86.026542,84.508255,1
190,22-3-2023 19:11:34:811125,paved,sudden-acc,-0.667619,3.639305,4.620934,-0.204335,0.127072,-0.005067,-104.69075,86.026542,84.508255,1
191,22-3-2023 19:11:34:859118,paved,sudden-acc,-2.478281,-2.377076,-1.002659,-0.138554,-0.194643,0.004255,-103.002189,89.33525,88.733665,1
192,22-3-2023 19:11:34:899069,paved,sudden-acc,6.11518,-1.965126,-2.267248,-0.140684,0.042915,-0.004268,-103.002189,89.33525,88.733665,1
193,22-3-2023 19:11:34:947078,paved,sudden-acc,-2.372899,-0.796339,6.326214,-0.067712,-0.144042,0.014108,-103.002189,92.643959,86.620956,1
194,22-3-2023 19:11:34:995064,paved,sudden-acc,1.095142,-0.106563,0.999609,-0.024302,-0.069739,0.01544,-103.002189,92.643959,86.620956,1
195,22-3-2023 19:11:35:43050,paved,sudden-acc,-4.691313,4.194958,-1.433767,-0.010187,0.113489,0.018636,-103.846466,89.33525,86.620956,1
196,22-3-2023 19:11:35:83049,paved,sudden-acc,1.602894,-8.776667,-5.323339,-0.029895,0.226942,0.01544,-103.846466,89.33525,86.620956,1
197,22-3-2023 19:11:35:131084,paved,sudden-acc,-2.87107,5.181721,-5.150896,-0.040015,0.133996,-0.006398,-103.002189,82.717826,90.846366,1
198,22-3-2023 19:11:35:179079,paved,sudden-acc,-3.580008,1.579557,2.082174,-0.024302,0.100173,0.023696,-103.002189,82.717826,90.846366,1
199,22-3-2023 19:11:35:219029,paved,sudden-acc,1.334648,-2.175891,2.953974,-0.040282,-0.031389,0.017304,-103.846466,86.026542,84.508255,1
200,22-3-2023 19:11:35:267022,paved,sudden-acc,-2.41122,-3.488382,0.25235,-0.089284,-0.010349,0.010114,-103.846466,86.026542,84.508255,1
201,22-3-2023 19:11:35:315063,paved,sudden-acc,2.896224,-2.693223,-9.749404,-0.120178,-0.019671,0.031153,-103.002189,86.026542,88.733665,1
202,22-3-2023 19:11:35:355035,paved,sudden-acc,5.109257,6.44631,0.865484,-0.141217,-0.10729,0.011978,-103.002189,86.026542,88.733665,1
203,22-3-2023 19:11:35:403051,paved,sudden-acc,-6.291211,9.147934,4.362267,-0.028297,-0.039378,0.021565,-103.846466,89.33525,86.620956,1
204,22-3-2023 19:11:35:450998,paved,sudden-acc,0.108379,-2.52078,-5.36166,-0.082893,-0.067342,0.018103,-103.846466,89.33525,86.620956,1
205,22-3-2023 19:11:35:491039,paved,sudden-acc,-7.019308,2.307654,7.887791,0.058257,0.337465,0.032218,-103.846466,89.33525,86.620956,1
206,22-3-2023 19:11:35:539033,paved,sudden-acc,1.171784,-0.968783,11.854004,0.052664,0.09538,-0.005599,-103.846466,89.33525,86.620956,1
207,22-3-2023 19:11:35:586996,paved,sudden-acc,3.605161,-2.511199,-4.135391,0.070774,-0.233259,-0.034895,-102.157905,79.409118,88.733665,1
208,22-3-2023 19:11:35:634986,paved,sudden-acc,-5.218225,-1.907645,10.072081,-0.115916,0.14385,-0.033297,-102.157905,79.409118,88.733665,1
209,22-3-2023 19:11:35:674979,paved,sudden-acc,-1.663962,3.342318,3.442566,-0.153201,-0.027394,-0.020513,-104.69075,95.952674,86.620956,1
210,22-3-2023 19:11:35:722972,paved,sudden-acc,-0.763421,4.760191,-6.530448,-0.038417,0.279141,-0.000539,-104.69075,95.952674,86.620956,1
211,22-3-2023 19:11:35:762963,paved,sudden-acc,8.481496,-5.624773,-2.018162,-0.219515,-0.016208,-0.013323,-103.002189,89.33525,92.959075,1
212,22-3-2023 19:11:35:810964,paved,sudden-acc,2.656719,-4.053616,-3.982107,-0.075169,-0.05083,-0.005866,-103.002189,89.33525,92.959075,1
213,22-3-2023 19:11:35:859005,paved,sudden-acc,2.196868,-1.035844,5.741819,-0.108992,-0.206095,-0.012257,-103.846466,89.33525,90.846366,1
214,22-3-2023 19:11:35:898958,paved,sudden-acc,-0.955026,5.478708,7.159693,-0.048537,0.07434,0.031153,-103.846466,89.33525,90.846366,1
215,22-3-2023 19:11:35:946945,paved,sudden-acc,-7.277974,3.936292,4.601774,-0.02084,0.110826,0.025294,-102.157905,82.717826,88.733665,1
216,22-3-2023 19:11:35:994930,paved,sudden-acc,2.014844,-8.374297,17.094387,0.018043,0.359303,0.002657,-102.157905,82.717826,88.733665,1
217,22-3-2023 19:11:36:42929,paved,sudden-acc,3.097409,4.961376,-43.740043,-0.261594,0.352112,-0.008529,-103.002189,89.33525,90.846366,1
218,22-3-2023 19:11:36:82966,paved,sudden-acc,-1.012507,-2.501619,6.21125,-0.173442,0.043181,-0.05913,-103.002189,89.33525,90.846366,1
219,22-3-2023 19:11:36:131979,paved,sudden-acc,-2.104652,3.189034,1.162472,-0.106595,-0.0993,0.011445,-105.535034,89.33525,88.733665,1
220,22-3-2023 19:11:36:180001,paved,sudden-acc,4.208715,1.205928,-8.666839,-0.216053,-0.226069,0.010646,-105.535034,89.33525,88.733665,1
221,22-3-2023 19:11:36:219980,paved,sudden-acc,-8.149775,4.118316,4.716738,-0.041879,-0.067342,-0.014654,-103.846466,95.952674,90.846366,1
222,22-3-2023 19:11:36:267983,paved,sudden-acc,-7.833627,-3.727888,1.459459,-0.101535,0.257835,0.071367,-103.846466,95.952674,90.846366,1
223,22-3-2023 19:11:36:307976,paved,sudden-acc,-3.378822,0.01798,-4.212034,-0.314325,0.315094,0.041806,-103.846466,86.026542,86.620956,1
224,22-3-2023 19:11:36:355969,paved,sudden-acc,-0.255669,-6.764819,4.515551,-0.200074,-0.137917,-0.016785,-103.846466,86.026542,86.620956,1
225,22-3-2023 19:11:36:403980,paved,sudden-acc,2.762102,4.635648,4.247303,-0.003529,0.079667,0.041007,-103.846466,95.952674,86.620956,1
226,22-3-2023 19:11:36:443952,paved,sudden-acc,1.449611,6.417571,-2.037323,0.015113,0.00776,-0.038889,-103.846466,95.952674,86.620956,1
227,22-3-2023 19:11:36:491945,paved,sudden-acc,6.431328,-3.641666,-7.201063,-0.032825,0.09032,-0.014921,-101.313629,89.33525,84.508255,1
228,22-3-2023 19:11:36:539944,paved,sudden-acc,0.165861,-0.911302,2.494123,-0.108726,0.010157,-0.028237,-101.313629,89.33525,84.508255,1
229,22-3-2023 19:11:36:587940,paved,sudden-acc,-7.651603,-3.315938,9.976281,0.095009,-0.018073,-0.013056,-102.157905,89.33525,92.959075,1
230,22-3-2023 19:11:36:627943,paved,sudden-acc,-0.361052,-2.223793,-1.587051,-0.087154,-0.219144,0.008516,-102.157905,89.33525,92.959075,1
231,22-3-2023 19:11:36:675941,paved,sudden-acc,7.992904,0.793978,-8.647678,-0.092747,-0.094773,-0.074843,-103.002189,86.026542,88.733665,1
232,22-3-2023 19:11:36:723924,paved,sudden-acc,4.342838,-2.817766,-8.350691,-0.244016,0.273015,-0.013056,-103.002189,86.026542,88.733665,1
233,22-3-2023 19:11:36:763914,paved,sudden-acc,-8.485083,-5.50981,-5.505363,-0.052,0.077803,0.133153,-103.002189,92.643959,84.508255,1
234,22-3-2023 19:11:36:811908,paved,sudden-acc,1.305907,7.318111,-5.093414,-0.201139,-0.031921,-0.014921,-103.002189,92.643959,84.508255,1
235,22-3-2023 19:11:36:851901,paved,sudden-acc,-1.922628,0.506572,-9.941008,-0.176637,-0.024464,0.03355,-102.157905,86.026542,92.959075,1
236,22-3-2023 19:11:36:899904,paved,sudden-acc,0.98976,0.104202,2.465384,0.046273,0.104168,0.008249,-102.157905,86.026542,92.959075,1
237,22-3-2023 19:11:36:947890,paved,sudden-acc,0.060478,-5.337366,-4.384478,-0.061853,0.311365,0.027158,-104.69075,89.33525,84.508255,1
238,22-3-2023 19:11:36:987885,paved,sudden-acc,0.453267,5.421227,-11.866633,-0.227771,0.344389,0.080955,-104.69075,89.33525,84.508255,1
239,22-3-2023 19:11:37:35878,paved,sudden-acc,-11.339989,1.445434,12.792866,-0.094078,-0.36349,0.004521,-102.157905,95.952674,88.733665,1
240,22-3-2023 19:11:37:83869,paved,sudden-acc,-7.268393,-1.974707,4.50597,0.02763,-0.211421,-0.065521,-102.157905,95.952674,88.733665,1
241,22-3-2023 19:11:37:131867,paved,sudden-acc,-4.451807,-11.669895,9.727194,0.006857,-0.002626,-0.000806,-104.69075,86.026542,88.733665,1
242,22-3-2023 19:11:37:171861,paved,sudden-acc,-9.558068,0.726917,4.333527,-0.018976,0.171814,0.049263,-104.69075,86.026542,88.733665,1
243,22-3-2023 19:11:37:219853,paved,sudden-acc,2.139387,-3.565024,-8.350691,-0.164387,0.076737,-0.007197,-104.69075,82.717826,82.395545,1
244,22-3-2023 19:11:37:264927,paved,sudden-acc,6.996561,-3.39258,-20.402612,-0.246413,0.193918,-0.096415,-104.69075,82.717826,82.395545,1
245,22-3-2023 19:11:37:311022,paved,sudden-acc,-20.441202,2.719604,2.666567,-0.002997,-0.133656,0.027691,-102.157905,86.026542,88.733665,1
246,22-3-2023 19:11:37:358993,paved,sudden-acc,-4.930819,5.718214,-0.121277,-0.101801,0.240258,0.031419,-102.157905,86.026542,88.733665,1
247,22-3-2023 19:11:37:398968,paved,sudden-acc,5.645749,5.009277,2.2642,-0.174507,0.205636,0.000526,-105.535034,89.33525,88.733665,1
248,22-3-2023 19:11:37:446956,paved,sudden-acc,-6.444494,-12.781201,-0.245821,0.030027,-0.047634,0.050861,-105.535034,89.33525,88.733665,1
249,22-3-2023 19:11:37:494957,paved,sudden-acc,-1.788505,-4.66675,-8.30279,-0.16412,0.115354,0.019701,-103.846466,92.643959,88.733665,1
250,22-3-2023 19:11:37:534962,paved,sudden-acc,9.324556,4.329081,-10.42002,-0.231233,0.304175,-0.047678,-103.846466,92.643959,88.733665,1
251,22-3-2023 19:11:37:582948,paved,sudden-acc,3.10699,-3.315938,-0.341623,-0.106595,0.059426,0.009847,-103.002189,89.33525,88.733665,1
252,22-3-2023 19:11:37:622944,paved,sudden-acc,1.363389,-5.912179,-10.841549,0.120043,-0.011681,0.035947,-103.002189,89.33525,88.733665,1
253,22-3-2023 19:11:37:678925,paved,sudden-acc,5.051775,-1.313671,-10.927771,0.003129,0.317224,0.030354,-104.69075,92.643959,92.959075,1
254,22-3-2023 19:11:37:718969,paved,sudden-acc,2.139387,-2.319595,-4.173713,-0.11059,-0.045237,-0.003469,-104.69075,92.643959,92.959075,1
255,22-3-2023 19:11:37:766972,paved,sudden-acc,-4.767955,-1.6873,1.938471,0.003928,-0.047102,0.017038,-103.002189,82.717826,84.508255,1
256,22-3-2023 19:11:37:806917,paved,sudden-acc,3.461458,1.28257,-2.104383,-0.129765,0.160096,-0.029834,-103.002189,82.717826,84.508255,1
257,22-3-2023 19:11:37:854904,paved,sudden-acc,-3.963216,-6.515733,9.449366,-0.095143,0.160362,0.011179,-103.846466,89.33525,86.620956,1
258,22-3-2023 19:11:37:902898,paved,sudden-acc,-0.006584,-5.739735,-11.176857,-0.222178,-0.077196,0.013043,-103.846466,89.33525,86.620956,1
259,22-3-2023 19:11:37:942950,paved,sudden-acc,0.079639,2.211852,8.615887,0.016178,0.018147,0.047665,-103.846466,92.643959,88.733665,1
260,22-3-2023 19:11:37:990934,paved,sudden-acc,-4.633832,-3.268037,-1.48167,0.051599,-0.297176,0.052725,-103.846466,92.643959,88.733665,1
261,22-3-2023 19:11:38:38895,paved,sudden-acc,2.972867,-1.112486,2.005533,-0.131097,-0.175202,0.013842,-103.846466,95.952674,88.733665,1
262,22-3-2023 19:11:38:78883,paved,sudden-acc,1.86156,5.670312,7.255495,-0.202204,-0.198904,-0.023176,-103.846466,95.952674,88.733665,1
263,22-3-2023 19:11:38:126889,paved,sudden-acc,2.417213,-0.039501,-11.895375,-0.081561,0.056231,-0.010127,-103.002189,82.717826,86.620956,1
264,22-3-2023 19:11:38:174865,paved,sudden-acc,5.24338,-4.982897,11.346253,-0.014981,0.098043,0.043137,-103.002189,82.717826,86.620956,1
265,22-3-2023 19:11:38:222858,paved,sudden-acc,10.043073,-1.562757,-16.953731,-0.027498,-0.114747,-0.001338,-103.846466,89.33525,88.733665,1
266,22-3-2023 19:11:38:263471,paved,sudden-acc,-10.841818,-0.959203,-1.864878,-0.066115,-0.036715,0.018103,-103.846466,89.33525,88.733665,1
267,22-3-2023 19:11:38:311442,paved,sudden-acc,-2.679466,-5.643933,-0.159599,0.036419,-0.063347,0.030354,-104.69075,92.643959,90.846366,1
268,22-3-2023 19:11:38:351438,paved,sudden-acc,10.579566,-6.257067,-12.98752,-0.048804,-0.197572,0.023696,-104.69075,92.643959,90.846366,1
269,22-3-2023 19:11:38:399471,paved,sudden-acc,7.533053,-3.066852,-15.871167,-0.076501,-0.023399,0.028223,-104.69075,86.026542,90.846366,1
270,22-3-2023 19:11:38:447466,paved,sudden-acc,2.522596,-4.800873,-4.48986,-0.150804,0.242655,0.019168,-104.69075,86.026542,90.846366,1
271,22-3-2023 19:11:38:487414,paved,sudden-acc,4.553604,-2.463298,5.68434,-0.09035,-0.124068,0.047931,-103.002189,82.717826,86.620956,1
272,22-3-2023 19:11:38:538787,paved,sudden-acc,0.826896,2.892047,0.070326,-0.03602,-0.067608,0.00026,-103.002189,82.717826,86.620956,1
273,22-3-2023 19:11:38:578802,paved,sudden-acc,-3.838673,3.466861,-7.881259,-0.091149,0.282603,0.019168,-101.313629,79.409118,88.733665,1
274,22-3-2023 19:11:38:626842,paved,sudden-acc,-5.141583,-6.151684,2.41748,-0.039216,0.044779,0.013842,-101.313629,79.409118,88.733665,1
275,22-3-2023 19:11:38:674835,paved,sudden-acc,0.271243,-13.145249,14.440663,-0.007524,0.029599,-0.006132,-104.69075,89.33525,84.508255,1
276,22-3-2023 19:11:38:722783,paved,sudden-acc,-0.217348,1.943605,4.783798,-0.070908,0.165955,0.026892,-104.69075,89.33525,84.508255,1
277,22-3-2023 19:11:38:762786,paved,sudden-acc,6.201403,-1.869324,-3.733022,-0.127368,0.100972,0.003189,-103.846466,89.33525,86.620956,1
278,22-3-2023 19:11:38:810775,paved,sudden-acc,-1.97053,12.539335,-3.445616,-0.143347,0.059959,0.025826,-103.846466,89.33525,86.620956,1
279,22-3-2023 19:11:38:858766,paved,sudden-acc,-4.423067,-1.074165,2.570766,-0.021373,0.163291,0.072432,-103.846466,89.33525,88.733665,1
280,22-3-2023 19:11:38:898807,paved,sudden-acc,5.013454,-7.617459,-1.47209,-0.089018,0.073275,0.034881,-103.846466,89.33525,88.733665,1
281,22-3-2023 19:11:38:998540,paved,sudden-acc,-11.866902,4.961376,6.18251,0.033755,-0.021535,0.046333,-102.157905,92.643959,90.846366,0
282,22-3-2023 19:11:39:38571,paved,sudden-acc,-7.709084,-3.315938,-3.503097,0.050534,0.028001,0.047665,-102.157905,92.643959,90.846366,0
283,22-3-2023 19:11:39:86599,paved,sudden-acc,-6.300791,-2.233373,-1.165522,-0.220847,0.398452,0.035414,-103.002189,89.33525,86.620956,0
284,22-3-2023 19:11:39:126561,paved,sudden-acc,5.425404,-3.258457,4.889181,-0.114585,-0.10223,0.002657,-103.002189,89.33525,86.620956,0
285,22-3-2023 19:11:39:182552,paved,sudden-acc,0.319144,-1.572337,-5.77361,-0.114319,-0.099034,0.038077,-103.002189,89.33525,86.620956,0
286,22-3-2023 19:11:39:222544,paved,sudden-acc,-1.520259,4.539846,-5.352079,-0.130298,0.065552,0.011179,-103.002189,89.33525,86.620956,0
287,22-3-2023 19:11:39:270529,paved,sudden-acc,1.248426,7.883345,-1.270905,0.06385,-0.109687,0.029289,-103.002189,89.33525,86.620956,0
288,22-3-2023 19:11:39:310570,paved,sudden-acc,3.815926,-8.07731,-2.660036,-0.091681,-0.030856,-0.010926,-103.002189,89.33525,86.620956,0
289,22-3-2023 19:11:39:358520,paved,sudden-acc,5.789453,-1.840583,-2.736679,-0.109258,0.168085,0.00026,-103.846466,99.261383,90.846366,0
290,22-3-2023 19:11:39:406524,paved,sudden-acc,8.653941,-4.111097,-19.492492,-0.0259,0.150508,-0.03303,-103.846466,99.261383,90.846366,0
291,22-3-2023 19:11:39:446517,paved,sudden-acc,0.893958,-11.449549,-14.577837,-0.267985,-0.187452,-0.111595,-103.002189,82.717826,88.733665,0
292,22-3-2023 19:11:39:494503,paved,sudden-acc,-38.614891,-24.77564,19.813972,-0.032558,0.014152,-0.015187,-103.002189,82.717826,88.733665,0
293,22-3-2023 19:11:39:542496,paved,sudden-acc,-0.198188,-4.513466,0.300253,-0.310064,0.11562,-0.001605,-102.157905,95.952674,84.508255,0
294,22-3-2023 19:11:39:582501,paved,sudden-acc,-9.855055,-1.313671,12.955731,-0.124172,0.322284,0.072699,-102.157905,95.952674,84.508255,0
295,22-3-2023 19:11:39:630530,paved,sudden-acc,5.463725,2.652542,-5.716128,-0.014182,-0.03059,0.003189,-102.157905,86.026542,88.733665,0
296,22-3-2023 19:11:39:678485,paved,sudden-acc,-5.122423,-1.629819,-6.61667,-0.078898,0.03892,0.026892,-102.157905,86.026542,88.733665,0
297,22-3-2023 19:11:39:726518,paved,sudden-acc,-6.731901,-5.576871,6.862707,0.09208,0.030664,0.027957,-103.846466,89.33525,84.508255,0
298,22-3-2023 19:11:39:766468,paved,sudden-acc,-2.257936,5.98646,-5.074254,-0.185692,0.0541,0.026093,-103.846466,89.33525,84.508255,0
299,22-3-2023 19:11:39:814507,paved,sudden-acc,0.951439,-1.984287,-5.476624,0.028429,-0.148836,-0.017051,-103.846466,92.643959,88.733665,0
300,22-3-2023 19:11:39:854489,paved,sudden-acc,-4.528449,0.085042,-7.354346,-0.053065,0.152372,0.032751,-103.846466,92.643959,88.733665,0
301,22-3-2023 19:11:39:902485,paved,sudden-acc,-3.589587,-1.035844,0.319414,-0.216585,0.142518,-0.016252,-101.313629,89.33525,84.508255,0
302,22-3-2023 19:11:39:950474,paved,sudden-acc,-2.047172,-3.862011,-0.696091,-0.124172,-0.254831,0.026359,-101.313629,89.33525,84.508255,0
303,22-3-2023 19:11:39:990495,paved,sudden-acc,3.930889,4.827253,-5.352079,-0.13376,-0.329934,-0.017584,-103.846466,92.643959,90.846366,0
304,22-3-2023 19:11:40:38440,paved,sudden-acc,0.711933,-8.374297,0.012846,-0.070376,0.114555,0.004521,-103.846466,92.643959,90.846366,0
305,22-3-2023 19:11:40:86440,paved,sudden-acc,3.164471,-6.908522,3.806616,0.057724,0.044779,0.016505,-101.313629,92.643959,88.733665,0
306,22-3-2023 19:11:40:126441,paved,sudden-acc,1.344228,-0.508932,-4.326996,-0.071974,0.118283,-0.021312,-101.313629,92.643959,88.733665,0
307,22-3-2023 19:11:40:174455,paved,sudden-acc,-0.619718,8.668924,8.26142,-0.087154,-0.102496,-0.005866,-104.69075,99.261383,88.733665,0
308,22-3-2023 19:11:40:222411,paved,sudden-acc,1.487931,0.487411,-5.495783,-0.073838,0.078335,0.011179,-104.69075,99.261383,88.733665,0
309,22-3-2023 19:11:40:270411,paved,sudden-acc,-0.399373,-8.680864,-4.403638,-0.128433,0.02081,0.005053,-102.157905,89.33525,88.733665,0
310,22-3-2023 19:11:40:310447,paved,sudden-acc,-1.261593,-6.314548,8.989516,-0.067446,0.06422,-0.034628,-102.157905,89.33525,88.733665,0
311,22-3-2023 19:11:40:358397,paved,sudden-acc,0.683193,-4.66675,-10.247575,-0.178502,0.061557,0.019435,-103.846466,86.026542,84.508255,0
312,22-3-2023 19:11:40:406388,paved,sudden-acc,-2.171714,-1.428634,-10.065551,-0.04907,-0.174136,0.013842,-103.846466,86.026542,84.508255,0
313,22-3-2023 19:11:40:446381,paved,sudden-acc,-7.11511,-0.633475,4.659254,-0.071974,0.026669,0.033017,-102.157905,92.643959,86.620956,0
314,22-3-2023 19:11:40:494375,paved,sudden-acc,0.482008,1.886124,-1.539152,-0.116183,0.406708,0.004255,-102.157905,92.643959,86.620956,0
315,22-3-2023 19:11:40:534375,paved,sudden-acc,6.373846,-0.556833,-15.200552,-0.154267,0.141187,0.003189,-103.846466,89.33525,82.395545,0
316,22-3-2023 19:11:40:584105,paved,sudden-acc,-2.468701,-8.240174,7.495003,-0.244549,0.086058,0.035148,-103.846466,89.33525,82.395545,0
317,22-3-2023 19:11:40:632103,paved,sudden-acc,2.206449,-5.778056,6.12503,-0.021106,-0.544321,-0.047412,-104.69075,89.33525,90.846366,0
318,22-3-2023 19:11:40:680091,paved,sudden-acc,-0.648459,-2.741125,-1.309225,-0.164653,-0.145107,0.013309,-104.69075,89.33525,90.846366,0
319,22-3-2023 19:11:40:720083,paved,sudden-acc,-1.002927,-7.742002,2.455803,-0.065049,-0.171207,0.025294,-103.002189,86.026542,90.846366,0
320,22-3-2023 19:11:40:768107,paved,sudden-acc,-2.612405,-11.248365,5.023304,-0.064783,-0.134455,0.036746,-103.002189,86.026542,90.846366,0
321,22-3-2023 19:11:40:816068,paved,sudden-acc,0.1467,-3.84285,-1.47209,0.017776,0.046377,0.005053,-103.846466,86.026542,86.620956,0
322,22-3-2023 19:11:40:856102,paved,sudden-acc,-9.941277,-6.314548,16.404609,0.077698,0.303109,0.055122,-103.846466,86.026542,86.620956,0
323,22-3-2023 19:11:40:904052,paved,sudden-acc,-0.246089,-0.719697,6.077127,0.018842,0.147578,-0.01279,-102.157905,86.026542,88.733665,0
324,22-3-2023 19:11:40:944088,paved,sudden-acc,-0.466434,5.018857,0.673882,0.044142,0.040518,-0.008263,-102.157905,86.026542,88.733665,0
325,22-3-2023 19:11:40:992051,paved,sudden-acc,8.069546,0.43951,4.04612,0.055061,-0.249505,0.00532,-103.002189,95.952674,84.508255,0
326,22-3-2023 19:11:41:40080,paved,sudden-acc,-4.490129,-3.536283,-1.223003,-0.125238,-0.069206,-0.006132,-103.002189,95.952674,84.508255,0
327,22-3-2023 19:11:41:80030,paved,sudden-acc,4.582344,5.363745,-4.671885,0.114184,-0.271077,-0.007197,-104.69075,86.026542,90.846366,0
328,22-3-2023 19:11:41:131389,paved,sudden-acc,-2.248356,4.319501,-6.712472,0.005526,0.021343,-0.011458,-104.69075,86.026542,90.846366,0
329,22-3-2023 19:11:41:179092,paved,sudden-acc,-0.025744,8.07495,2.149237,-0.078099,-0.068674,0.004255,-103.002189,89.33525,84.508255,0
330,22-3-2023 19:11:41:219084,paved,sudden-acc,5.329602,-9.198197,5.856783,-0.091681,-0.079593,-0.004534,-103.002189,89.33525,84.508255,0
331,22-3-2023 19:11:41:267122,paved,sudden-acc,2.647139,-8.565902,-16.043611,-0.242419,0.117751,-0.020513,-103.002189,95.952674,86.620956,0
332,22-3-2023 19:11:41:315116,paved,sudden-acc,-7.94859,-4.408084,13.358098,-0.032825,0.304707,0.022631,-103.002189,95.952674,86.620956,0
333,22-3-2023 19:11:41:355064,paved,sudden-acc,-0.27483,-12.474634,3.021034,-0.182763,0.298316,-0.012257,-103.846466,92.643959,86.620956,0
334,22-3-2023 19:11:41:403060,paved,sudden-acc,6.881598,-1.802262,4.323946,-0.058391,-0.090778,-0.007197,-103.846466,92.643959,86.620956,0
335,22-3-2023 19:11:41:451067,paved,sudden-acc,-0.667619,2.489678,-2.104383,-0.078632,0.000303,-0.067386,-103.002189,89.33525,84.508255,0
336,22-3-2023 19:11:41:491094,paved,sudden-acc,7.973744,-5.471489,-7.613013,-0.014182,0.084194,0.008782,-103.002189,89.33525,84.508255,0
337,22-3-2023 19:11:41:539041,paved,sudden-acc,-6.300791,1.368792,-6.999879,-0.071974,0.157166,-0.014921,-102.157905,92.643959,90.846366,0
338,22-3-2023 19:11:41:579038,paved,sudden-acc,0.414946,-12.129745,-4.365317,-0.13589,-0.152831,-0.03596,-102.157905,92.643959,90.846366,0
339,22-3-2023 19:11:41:627032,paved,sudden-acc,1.152624,-6.985164,-2.583395,-0.055994,0.122544,0.007184,-102.157905,89.33525,88.733665,0
340,22-3-2023 19:11:41:675029,paved,sudden-acc,3.241113,-9.092815,-9.318293,-0.106329,0.094581,-0.013323,-102.157905,89.33525,88.733665,0
341,22-3-2023 19:11:41:723020,paved,sudden-acc,7.178585,1.895704,-16.810028,-0.053331,0.217354,0.051393,-103.846466,86.026542,84.508255,0
342,22-3-2023 19:11:41:763015,paved,sudden-acc,5.751132,-1.150807,-3.388134,-0.234429,-0.043107,-0.011991,-103.846466,86.026542,84.508255,0
343,22-3-2023 19:11:41:811014,paved,sudden-acc,-8.446762,7.126507,5.32029,-0.027498,-0.122204,-0.009061,-103.002189,79.409118,90.846366,0
344,22-3-2023 19:11:41:859032,paved,sudden-acc,0.635292,-4.915835,4.764637,-0.00566,-0.006887,-0.026905,-103.002189,79.409118,90.846366,0
345,22-3-2023 19:11:41:904676,paved,sudden-acc,-3.522526,-3.747048,-11.263079,-0.176904,0.308169,-0.028503,-104.69075,92.643959,86.620956,0
346,22-3-2023 19:11:41:944743,paved,sudden-acc,12.763856,-0.547253,-4.806007,-0.116183,0.260232,-0.095882,-104.69075,92.643959,86.620956,0
347,22-3-2023 19:11:41:992735,paved,sudden-acc,-8.561725,3.275257,1.277435,0.04574,0.091918,0.027158,-103.002189,89.33525,90.846366,0
348,22-3-2023 19:11:42:40680,paved,sudden-acc,3.394396,4.415303,-2.727098,0.013515,-0.051363,0.018902,-103.002189,89.33525,90.846366,0
349,22-3-2023 19:11:42:80669,paved,sudden-acc,3.202792,-6.927683,10.445712,-0.01871,-0.063613,-0.017317,-103.002189,89.33525,86.620956,0
350,22-3-2023 19:11:42:128666,paved,sudden-acc,-2.87107,-9.131134,-5.438303,-0.093013,0.012288,0.027424,-103.002189,89.33525,86.620956,0
351,22-3-2023 19:11:42:168716,paved,sudden-acc,2.924965,-1.323251,-4.355737,-0.173175,0.024539,0.004521,-103.002189,89.33525,88.733665,0
352,22-3-2023 19:11:42:216708,paved,sudden-acc,4.247036,-8.393458,8.663788,-0.103399,0.136127,0.002657,-103.002189,89.33525,88.733665,0
353,22-3-2023 19:11:42:264661,paved,sudden-acc,0.117959,-4.072776,1.018768,-0.032292,-0.013545,0.004255,-103.846466,89.33525,86.620956,0
354,22-3-2023 19:11:42:312644,paved,sudden-acc,1.593314,7.595938,-10.946932,-0.053331,-0.026861,0.00745,-103.846466,89.33525,86.620956,0
355,22-3-2023 19:11:42:360633,paved,sudden-acc,1.535833,3.476441,-4.729365,-0.093812,-0.082256,-0.006398,-103.002189,102.570098,84.508255,0
356,22-3-2023 19:11:42:400636,paved,sudden-acc,-4.767955,2.671702,1.871408,-0.063984,-0.043107,0.037811,-103.002189,102.570098,84.508255,0
357,22-3-2023 19:11:42:448681,paved,sudden-acc,-3.589587,0.401189,7.581223,-0.086355,0.019212,0.005852,-103.002189,86.026542,92.959075,0
358,22-3-2023 19:11:42:488617,paved,sudden-acc,-5.783459,3.035751,5.646019,-0.055994,0.075406,0.017038,-103.002189,86.026542,92.959075,0
359,22-3-2023 19:11:42:536612,paved,sudden-acc,4.505702,-5.864278,-0.111698,-0.045874,-0.004757,-0.005599,-102.157905,92.643959,84.508255,0
360,22-3-2023 19:11:42:584613,paved,sudden-acc,-1.405296,4.127897,-5.083834,-0.035221,-0.188251,0.023163,-102.157905,92.643959,84.508255,0
361,22-3-2023 19:11:42:624658,paved,sudden-acc,-1.232852,1.071805,1.459459,0.002596,0.016283,-0.013056,-103.846466,89.33525,88.733665,0
362,22-3-2023 19:11:42:672651,paved,sudden-acc,-3.541687,0.717337,-3.867146,-0.112188,0.009092,0.022897,-103.846466,89.33525,88.733665,0
363,22-3-2023 19:11:42:720601,paved,sudden-acc,-1.836406,0.286226,3.068937,-0.103932,-0.10436,-0.005067,-103.002189,92.643959,84.508255,0
364,22-3-2023 19:11:42:760590,paved,sudden-acc,-3.330921,-7.291731,3.193481,-0.098073,-0.213285,-0.003202,-103.002189,92.643959,84.508255,0
365,22-3-2023 19:11:42:808636,paved,sudden-acc,-0.849643,2.307654,0.635561,-0.065582,0.014951,-0.006398,-104.69075,89.33525,90.846366,0
366,22-3-2023 19:11:42:856627,paved,sudden-acc,-1.232852,-3.459641,-0.054216,-0.074637,-0.029791,0.004255,-104.69075,89.33525,90.846366,0
367,22-3-2023 19:11:42:904580,paved,sudden-acc,-4.173981,4.731451,3.155159,-0.004328,-0.038846,0.027158,-102.157905,89.33525,88.733665,0
368,22-3-2023 19:11:42:944617,paved,sudden-acc,-1.213692,-1.840583,-3.033667,-0.058924,-0.159755,0.00026,-102.157905,89.33525,88.733665,0
369,22-3-2023 19:11:42:992553,paved,sudden-acc,8.596459,0.525732,-8.590197,-0.107927,-0.100099,-0.005866,-101.313629,86.026542,90.846366,0
370,22-3-2023 19:11:43:32554,paved,sudden-acc,-4.806276,-1.28493,0.990028,-0.02084,-0.108622,0.001325,-101.313629,86.026542,90.846366,0
371,22-3-2023 19:11:43:80558,paved,sudden-acc,-1.002927,3.620145,-1.280485,-0.030428,0.051437,0.015973,-101.313629,89.33525,92.959075,0
372,22-3-2023 19:11:43:128551,paved,sudden-acc,1.545413,-1.150807,5.943006,0.000199,-0.001028,-0.022644,-101.313629,89.33525,92.959075,0
373,22-3-2023 19:11:43:168542,paved,sudden-acc,2.503435,-5.222403,3.615009,0.044408,-0.051895,-0.005067,-103.846466,92.643959,90.846366,0
374,22-3-2023 19:11:43:216535,paved,sudden-acc,3.882987,-7.262991,-4.317416,-0.069577,-0.116345,-0.019182,-103.846466,92.643959,90.846366,0
375,22-3-2023 19:11:43:264522,paved,sudden-acc,-2.574084,0.573633,3.921577,0.002862,0.092184,-0.003202,-103.002189,89.33525,90.846366,0
376,22-3-2023 19:11:43:304528,paved,sudden-acc,3.471038,-3.890752,-7.210644,-0.089551,-0.00742,-0.006132,-103.002189,89.33525,90.846366,0
377,22-3-2023 19:11:43:352559,paved,sudden-acc,3.451878,-0.250266,-0.676929,-0.148674,0.131866,0.006918,-103.846466,89.33525,92.959075,0
378,22-3-2023 19:11:43:400516,paved,sudden-acc,-5.8122,3.227355,1.04751,-0.050402,-0.0487,0.012777,-103.846466,89.33525,92.959075,0
379,22-3-2023 19:11:43:448544,paved,sudden-acc,1.162204,-5.385266,-0.705671,-0.069843,-0.018339,-0.007197,-103.846466,92.643959,88.733665,0
380,22-3-2023 19:11:43:494606,paved,sudden-acc,2.733361,0.535312,1.842669,-0.102068,0.094314,-0.032764,-103.846466,92.643959,88.733665,0
381,22-3-2023 19:11:43:534607,paved,sudden-acc,-1.299914,2.326814,-1.165522,-0.049336,-0.051629,-0.012257,-103.846466,82.717826,88.733665,0
382,22-3-2023 19:11:43:582562,paved,sudden-acc,4.697307,-2.607001,-1.567892,-0.09541,-0.152298,-0.024508,-103.846466,82.717826,88.733665,0
383,22-3-2023 19:11:43:622554,paved,sudden-acc,-0.370632,-9.083234,1.373238,-0.069577,-0.077196,0.002124,-103.002189,82.717826,84.508255,0
